FQDN,IP Address,Ping (ms),Release,Operator Stake,Total Delegated Stake,Delegates Count,Status,Prescribed Epoch Count,Observed Epoch Count,Total Epoch Count,Passed Epoch Count,Failed Epoch Count,Failed Consecutive Epochs,Passed Consecutive Epochs,ISP,Geo Location,Error Message,Process Id,ANS-104 Unbundle Filter,ANS-104 Index Filter,Supported Manifest Versions
frostor.xyz,95.216.65.139,615.4198330000004,32,125543891473,30886655034,0,joined,13,10,57,51,6,0,14,N/A,"Helsinki, FI",,qNvAoz0TgcH7DMg8BCVn8jF32QH5L6T29VjHxhHqqGE,[object Object],[object Object],
exnihilio.dnshome.de,79.198.189.174,657.3541660000001,32,125000000000,24774580410,0,joined,25,23,57,54,3,0,20,N/A,"Essen, DE",,qNvAoz0TgcH7DMg8BCVn8jF32QH5L6T29VjHxhHqqGE,[object Object],[object Object],
ariogateway.online,109.123.250.233,800.584625,32,114279438086,34898963166,0,joined,24,18,57,56,1,0,20,N/A,", DE",,qNvAoz0TgcH7DMg8BCVn8jF32QH5L6T29VjHxhHqqGE,[object Object],[object Object],
ariospeedwagon.com,104.21.30.54,430.84704200000033,32,113647215292,30792178436,0,joined,12,5,57,55,2,0,36,N/A,", ",,qNvAoz0TgcH7DMg8BCVn8jF32QH5L6T29VjHxhHqqGE,[object Object],[object Object],
ar.p10node.com,152.53.130.237,508.4593340000001,31,113084342261,22766197491,0,joined,31,31,57,53,4,0,14,N/A,", AT",,qNvAoz0TgcH7DMg8BCVn8jF32QH5L6T29VjHxhHqqGE,[object Object],[object Object],
liglow.com,138.199.171.50,585.7557499999994,32,111133250000,30132722503,0,joined,24,22,57,56,1,0,20,N/A,", DE",,qNvAoz0TgcH7DMg8BCVn8jF32QH5L6T29VjHxhHqqGE,[object Object],[object Object],
sulapan.com,95.217.89.202,809.1320830000004,32,106811466417,26642830514,0,joined,26,26,57,54,3,0,20,N/A,"Helsinki, FI",,qNvAoz0TgcH7DMg8BCVn8jF32QH5L6T29VjHxhHqqGE,[object Object],[object Object],
validatario.xyz,38.242.237.194,566.114458,32,106416252334,13637978671,0,joined,15,13,57,54,3,0,20,N/A,"Düsseldorf, DE",,qNvAoz0TgcH7DMg8BCVn8jF32QH5L6T29VjHxhHqqGE,[object Object],[object Object],
deknow.top,104.21.64.1,499.0284579999998,32,103073515312,334976948009,0,joined,27,21,57,53,4,0,1,N/A,", ",,qNvAoz0TgcH7DMg8BCVn8jF32QH5L6T29VjHxhHqqGE,[object Object],[object Object],
love4src.com,95.216.65.139,620.2739590000001,32,102404150482,15931514036,0,joined,15,12,57,56,1,0,20,N/A,"Helsinki, FI",,qNvAoz0TgcH7DMg8BCVn8jF32QH5L6T29VjHxhHqqGE,[object Object],[object Object],
weaversnodes.info,141.95.3.94,515.1103749999984,32,92806025154,22071200668,0,joined,20,19,57,55,2,0,29,N/A,", FR",,qNvAoz0TgcH7DMg8BCVn8jF32QH5L6T29VjHxhHqqGE,[object Object],[object Object],
arbr.pro,N/A,-1,N/A,91640354237,210118038833,0,joined,24,23,57,48,9,0,1,N/A,N/A,Request failed with status code 503,N/A,[object Object],[object Object],[object Object]
apeweave.com,73.52.114.63,380.2501250000005,29,91303872083,30246057485,0,joined,11,3,57,54,3,0,36,N/A,"Mount Joy, US",,qNvAoz0TgcH7DMg8BCVn8jF32QH5L6T29VjHxhHqqGE,[object Object],[object Object],
mrcetin.cfd,116.203.123.46,552.8977499999983,27,91195534158,23277626943,0,joined,16,16,57,55,2,0,55,N/A,", DE",,qNvAoz0TgcH7DMg8BCVn8jF32QH5L6T29VjHxhHqqGE,[object Object],[object Object],
iblis.world,95.216.199.15,631.382834,32,90896890925,35445740242,0,joined,25,23,57,52,5,3,0,N/A,"Helsinki, FI",,qNvAoz0TgcH7DMg8BCVn8jF32QH5L6T29VjHxhHqqGE,[object Object],[object Object],
dnsarz.site,104.21.16.1,695.3012909999998,32,90000000000,13898380230,0,joined,17,16,57,52,5,0,20,N/A,", ",,qNvAoz0TgcH7DMg8BCVn8jF32QH5L6T29VjHxhHqqGE,[object Object],[object Object],
nodechecker.xyz,38.46.221.243,313.79912499999955,32,89216250000,32243322348,0,joined,22,22,57,56,1,0,20,N/A,"Draper, US",,qNvAoz0TgcH7DMg8BCVn8jF32QH5L6T29VjHxhHqqGE,[object Object],[object Object],
arweave.developerdao.com,3.161.4.124,402.4563750000016,29,86151857512,131074485507,0,joined,27,25,57,54,3,0,44,N/A,", US",,qNvAoz0TgcH7DMg8BCVn8jF32QH5L6T29VjHxhHqqGE,[object Object],[object Object],
thecoldblooded.store,213.238.180.16,702.8088329999991,32,85000000000,16366695078,0,joined,18,11,57,54,3,0,20,N/A,"Istanbul, TR",,qNvAoz0TgcH7DMg8BCVn8jF32QH5L6T29VjHxhHqqGE,[object Object],[object Object],
khang.pro,172.67.162.95,937.374917000001,32,84345205653,34391157560,0,joined,17,12,57,55,2,0,7,N/A,", US",,qNvAoz0TgcH7DMg8BCVn8jF32QH5L6T29VjHxhHqqGE,[object Object],[object Object],
openar.dev,65.108.107.172,631.8835409999992,31,82486316468,123673431421,0,joined,8,0,57,57,0,0,57,N/A,"Helsinki, FI",,qNvAoz0TgcH7DMg8BCVn8jF32QH5L6T29VjHxhHqqGE,[object Object],[object Object],
nodetester.com,159.69.21.229,560.2689159999973,31,81115526111,41781222219,0,joined,23,22,57,55,2,0,20,N/A,"Nuremberg, DE",,qNvAoz0TgcH7DMg8BCVn8jF32QH5L6T29VjHxhHqqGE,[object Object],[object Object],
mustafakaya.xyz,138.199.163.178,593.2055839999994,32,80874205632,13600103844,0,joined,15,14,57,56,1,0,20,N/A,", DE",,qNvAoz0TgcH7DMg8BCVn8jF32QH5L6T29VjHxhHqqGE,[object Object],[object Object],
ar.satoshispalace.casino,103.173.134.13,908.5985000000001,30,79586658995,172358115354,0,joined,14,5,57,56,1,0,39,N/A,", IN",,qNvAoz0TgcH7DMg8BCVn8jF32QH5L6T29VjHxhHqqGE,[object Object],[object Object],
webraizo.online,78.47.158.177,645.3395420000015,29,79562500000,29810142541,0,joined,17,17,57,56,1,0,20,N/A,"Mundelsheim, DE",,qNvAoz0TgcH7DMg8BCVn8jF32QH5L6T29VjHxhHqqGE,[object Object],[object Object],
ar.tinnguyen.xyz,116.103.92.143,896.6917500000018,32,77889750000,35335990208,0,joined,17,16,57,54,3,0,14,N/A,"Bao Loc, VN",,qNvAoz0TgcH7DMg8BCVn8jF32QH5L6T29VjHxhHqqGE,[object Object],[object Object],
teoviteovi.org,115.77.187.117,827.8649170000026,32,77112514177,20312867438,0,joined,9,6,57,55,2,0,1,N/A,"Ho Chi Minh City, VN",,qNvAoz0TgcH7DMg8BCVn8jF32QH5L6T29VjHxhHqqGE,[object Object],[object Object],
zkarther.site,N/A,-1,N/A,76213107501,9803725262,0,joined,7,0,57,56,1,1,0,N/A,N/A,connect ETIMEDOUT 37.27.250.56:443,N/A,[object Object],[object Object],[object Object]
bambik.online,65.109.5.66,622.0929590000014,30,75000000000,14534075260,0,joined,16,12,57,57,0,0,57,N/A,"Helsinki, FI",,qNvAoz0TgcH7DMg8BCVn8jF32QH5L6T29VjHxhHqqGE,[object Object],[object Object],
ar01.fyeo.io,195.178.168.219,565.2770410000085,32,74733241485,120958787228,0,joined,31,30,57,57,0,0,57,N/A,"Stockholm, SE",,qNvAoz0TgcH7DMg8BCVn8jF32QH5L6T29VjHxhHqqGE,[object Object],[object Object],
ar.perplex.finance,104.21.64.1,385.7446249999921,29,74250415255,62558894136,0,joined,3,0,57,38,19,0,38,N/A,", ",,qNvAoz0TgcH7DMg8BCVn8jF32QH5L6T29VjHxhHqqGE,[object Object],[object Object],
sooneraydin.xyz,207.180.192.193,619.1085000000021,32,74229825274,25783857627,0,joined,16,13,57,54,3,0,20,N/A,"Nuremberg, DE",,qNvAoz0TgcH7DMg8BCVn8jF32QH5L6T29VjHxhHqqGE,[object Object],[object Object],
0xknowledge.info,207.244.247.125,277.3004159999982,32,73832500000,10075932365,0,joined,4,0,57,55,2,0,20,N/A,"St Louis, US",,qNvAoz0TgcH7DMg8BCVn8jF32QH5L6T29VjHxhHqqGE,[object Object],[object Object],
arnode.asia,94.136.191.183,923.1591659999976,31,73662908166,134338804504,0,joined,33,28,57,56,1,0,31,N/A,", DE",,qNvAoz0TgcH7DMg8BCVn8jF32QH5L6T29VjHxhHqqGE,[object Object],[object Object],
arweave.ph,46.202.164.56,863.2537499999889,27,73543391762,148554878159,0,joined,15,5,57,57,0,0,57,N/A,", UA",,qNvAoz0TgcH7DMg8BCVn8jF32QH5L6T29VjHxhHqqGE,[object Object],[object Object],
ario-gateway.nethermind.dev,54.194.163.100,530.6803750000108,27,73540254756,119990250000,0,joined,26,23,57,57,0,0,57,N/A,"Dublin, IE",,qNvAoz0TgcH7DMg8BCVn8jF32QH5L6T29VjHxhHqqGE,[object Object],[object Object],
defi.ao,172.67.223.54,526.1200000000099,27,73299291598,124254500000,0,joined,21,16,57,56,1,0,56,N/A,", US",,qNvAoz0TgcH7DMg8BCVn8jF32QH5L6T29VjHxhHqqGE,[object Object],[object Object],
elessargateway.xyz,65.109.101.187,583.6491250000108,32,72990500000,10744794250,0,joined,14,14,57,54,3,0,16,N/A,"Helsinki, FI",,qNvAoz0TgcH7DMg8BCVn8jF32QH5L6T29VjHxhHqqGE,[object Object],[object Object],
canduesed.me,78.47.120.61,591.5216670000082,31,72977500000,13305188535,0,joined,12,9,57,57,0,0,57,N/A,", DE",,qNvAoz0TgcH7DMg8BCVn8jF32QH5L6T29VjHxhHqqGE,[object Object],[object Object],
arlink.xyz,161.97.111.21,564.5705420000013,32,72461567962,118445347333,0,joined,19,17,57,55,2,0,36,N/A,"Nuremberg, DE",,qNvAoz0TgcH7DMg8BCVn8jF32QH5L6T29VjHxhHqqGE,[object Object],[object Object],
moruehoca.store,89.117.74.80,339.544332999998,32,72191000000,15844982240,0,joined,19,19,57,54,3,0,20,N/A,"New York, US",,qNvAoz0TgcH7DMg8BCVn8jF32QH5L6T29VjHxhHqqGE,[object Object],[object Object],
vilenarios.com,69.124.94.88,381.5519580000109,33-pre,72025512957,0,0,joined,11,11,57,51,6,0,17,N/A,"Bloomingdale, US",,qNvAoz0TgcH7DMg8BCVn8jF32QH5L6T29VjHxhHqqGE,[object Object],[object Object],
ario.apus.network,47.251.35.151,294.2302500000078,30,72014849814,130533124735,0,joined,22,21,57,43,14,0,9,N/A,"Santa Clara, US",,qNvAoz0TgcH7DMg8BCVn8jF32QH5L6T29VjHxhHqqGE,[object Object],[object Object],
permadao.io,47.129.20.238,782.0736670000042,27,71969682851,122277749721,0,joined,26,22,57,57,0,0,57,N/A,"Singapore, SG",,qNvAoz0TgcH7DMg8BCVn8jF32QH5L6T29VjHxhHqqGE,[object Object],[object Object],
arweave.net,18.160.124.84,214.4233749999985,27-pre,71489219929,0,0,joined,3,0,57,57,0,0,57,N/A,", US",,qNvAoz0TgcH7DMg8BCVn8jF32QH5L6T29VjHxhHqqGE,[object Object],[object Object],
ruangnode.xyz,37.27.52.25,635.6366669999989,32,71168631464,22222909971,0,joined,15,15,57,56,1,0,20,N/A,"Helsinki, FI",,qNvAoz0TgcH7DMg8BCVn8jF32QH5L6T29VjHxhHqqGE,[object Object],[object Object],
vela-gateway.com,18.203.231.224,512.112083,28-pre,71002953422,107196500000,0,joined,8,0,57,55,2,0,36,N/A,"Dublin, IE",,qNvAoz0TgcH7DMg8BCVn8jF32QH5L6T29VjHxhHqqGE,[object Object],[object Object],
ar.4everland.io,N/A,-1,N/A,70734710551,126708309622,0,joined,20,14,57,55,2,0,36,N/A,N/A,Request failed with status code 403,N/A,[object Object],[object Object],[object Object]
oshvank.site,195.3.223.175,593.3769999999931,32,70712750000,25039807429,0,joined,9,7,57,56,1,0,20,N/A,"Tarnów, PL",,qNvAoz0TgcH7DMg8BCVn8jF32QH5L6T29VjHxhHqqGE,[object Object],[object Object],
a0labs.xyz,207.180.244.214,627.2317499999917,32,70427902864,111641850468,0,joined,15,9,57,52,5,0,7,N/A,"Nuremberg, DE",,qNvAoz0TgcH7DMg8BCVn8jF32QH5L6T29VjHxhHqqGE,[object Object],[object Object],
gw1.iad.globalstake.cloud,N/A,-1,N/A,70153040021,124882672964,0,joined,8,0,57,55,2,2,0,N/A,N/A,certificate has expired,N/A,[object Object],[object Object],[object Object]
leechshop.com,95.216.172.187,629.9082919999928,32,69378500000,30246626626,0,joined,10,9,57,53,4,0,32,N/A,"Helsinki, FI",,qNvAoz0TgcH7DMg8BCVn8jF32QH5L6T29VjHxhHqqGE,[object Object],[object Object],
arceina.fun,152.53.239.148,536.9473750000034,31,68558500000,26542915830,0,joined,23,23,57,56,1,0,20,N/A,", AT",,qNvAoz0TgcH7DMg8BCVn8jF32QH5L6T29VjHxhHqqGE,[object Object],[object Object],
ar-node.chainbase.online,104.21.112.1,625.8210830000025,32,68087727213,107044477790,0,joined,7,0,57,39,18,0,29,N/A,", ",,qNvAoz0TgcH7DMg8BCVn8jF32QH5L6T29VjHxhHqqGE,[object Object],[object Object],
mapp.lol,198.204.241.74,545.5229589999944,29,67816725949,124420000000,0,joined,6,0,57,35,22,0,29,N/A,", US",,qNvAoz0TgcH7DMg8BCVn8jF32QH5L6T29VjHxhHqqGE,[object Object],[object Object],
arweave.zelf.world,20.197.225.17,654.8156670000026,29,67716265547,136407052240,0,joined,10,0,57,57,0,0,57,N/A,"Campinas, BR",,qNvAoz0TgcH7DMg8BCVn8jF32QH5L6T29VjHxhHqqGE,[object Object],[object Object],
dwentz.top,194.31.53.16,1210.8042080000014,32,67614803279,32643960870,0,joined,18,16,57,56,1,0,20,N/A,"Singapore, SG",,qNvAoz0TgcH7DMg8BCVn8jF32QH5L6T29VjHxhHqqGE,[object Object],[object Object],
weavedb.app,54.253.213.203,922.2047909999965,28,67591179496,136998577016,0,joined,6,0,57,51,6,0,36,N/A,"Sydney, AU",,qNvAoz0TgcH7DMg8BCVn8jF32QH5L6T29VjHxhHqqGE,[object Object],[object Object],
node-ar.blockops.network,104.22.42.124,634.1357500000013,32,67012964238,120867750000,0,joined,8,0,57,28,29,0,4,N/A,", ",,qNvAoz0TgcH7DMg8BCVn8jF32QH5L6T29VjHxhHqqGE,[object Object],[object Object],
maplesyrup-ario.my.id,95.216.7.84,1048.6459590000013,32,66914500000,38155758502,0,joined,17,17,57,56,1,0,20,N/A,"Helsinki, FI",,qNvAoz0TgcH7DMg8BCVn8jF32QH5L6T29VjHxhHqqGE,[object Object],[object Object],
tekin86.online,65.21.185.33,625.005124999996,32,63497500000,21683377050,0,joined,11,10,57,56,1,0,20,N/A,"Helsinki, FI",,qNvAoz0TgcH7DMg8BCVn8jF32QH5L6T29VjHxhHqqGE,[object Object],[object Object],
arns-gateway.com,103.173.134.16,921.6735409999965,30,63354224654,257756382791,0,joined,20,10,57,57,0,0,57,N/A,", IN",,qNvAoz0TgcH7DMg8BCVn8jF32QH5L6T29VjHxhHqqGE,[object Object],[object Object],
permagate.io,5.78.69.188,286.61666700000933,33-pre,63205343861,331328978262,0,joined,38,38,57,57,0,0,57,N/A,"Portland, US",,qNvAoz0TgcH7DMg8BCVn8jF32QH5L6T29VjHxhHqqGE,[object Object],[object Object],
ar.omron.ai,104.21.82.208,258.43458400000236,31,63092793124,297399532535,0,joined,29,23,57,57,0,0,57,N/A,", ",,qNvAoz0TgcH7DMg8BCVn8jF32QH5L6T29VjHxhHqqGE,[object Object],[object Object],
ario.oceanprotocol.com,34.41.210.79,184.27058399999805,27,63050040829,259582899313,0,joined,27,19,57,55,2,0,36,N/A,"Council Bluffs, US",,qNvAoz0TgcH7DMg8BCVn8jF32QH5L6T29VjHxhHqqGE,[object Object],[object Object],
derad.network,51.68.234.87,495.6906250000029,29,63021500000,134335950672,0,joined,27,27,57,54,3,0,36,N/A,", FR",,qNvAoz0TgcH7DMg8BCVn8jF32QH5L6T29VjHxhHqqGE,[object Object],[object Object],
practicerse.xyz,91.99.16.202,1552.7613330000022,32,62500000000,21737440968,0,joined,8,4,57,56,1,0,20,N/A,", DE",,qNvAoz0TgcH7DMg8BCVn8jF32QH5L6T29VjHxhHqqGE,[object Object],[object Object],
regarets.xyz,188.245.216.163,571.658792000002,32,62500000000,18714409541,0,joined,12,11,57,55,2,0,20,N/A,", DE",,qNvAoz0TgcH7DMg8BCVn8jF32QH5L6T29VjHxhHqqGE,[object Object],[object Object],
svgtmrgl.store,157.173.110.142,527.7739589999983,29,62500000000,14002446993,0,joined,4,0,57,53,4,0,32,N/A,", GB",,qNvAoz0TgcH7DMg8BCVn8jF32QH5L6T29VjHxhHqqGE,[object Object],[object Object],
ario-testnet.us.nodefleet.org,N/A,-1,N/A,62500000000,16812123119,0,joined,15,11,57,47,10,10,0,N/A,N/A,connect ECONNREFUSED 64.20.48.210:443,N/A,[object Object],[object Object],[object Object]
arnode.xyz,135.181.232.91,612.7008329999953,31,62500000000,246297032932,0,joined,31,31,57,56,1,0,12,N/A,"Helsinki, FI",,qNvAoz0TgcH7DMg8BCVn8jF32QH5L6T29VjHxhHqqGE,[object Object],[object Object],
arweave.ar,172.67.150.171,277.19695800000045,27,62500000000,126974438512,0,joined,9,0,57,57,0,0,57,N/A,", US",,qNvAoz0TgcH7DMg8BCVn8jF32QH5L6T29VjHxhHqqGE,[object Object],[object Object],
maclaurinoo.xyz,116.203.151.116,1563.0869579999999,29,62500000000,26783867416,0,joined,4,2,57,39,18,0,34,N/A,"Frankfurt am Main, DE",,qNvAoz0TgcH7DMg8BCVn8jF32QH5L6T29VjHxhHqqGE,[object Object],[object Object],
exodusdiablo.xyz,85.239.231.0,299.8332919999957,31,62500000000,14336225226,0,joined,10,4,57,56,1,0,39,N/A,"New York, US",,qNvAoz0TgcH7DMg8BCVn8jF32QH5L6T29VjHxhHqqGE,[object Object],[object Object],
campnodes.xyz,78.47.218.92,562.8501249999972,32,62500000000,18050399229,0,joined,14,14,57,56,1,0,20,N/A,", DE",,qNvAoz0TgcH7DMg8BCVn8jF32QH5L6T29VjHxhHqqGE,[object Object],[object Object],
g8way.io,172.67.73.220,244.87512500000594,30,62500000000,0,0,joined,6,0,57,57,0,0,57,N/A,", US",,qNvAoz0TgcH7DMg8BCVn8jF32QH5L6T29VjHxhHqqGE,[object Object],[object Object],
ar.ilaybilge.xyz,194.163.159.100,654.2520829999994,30,62500000000,14941811402,0,joined,2,1,57,35,22,0,20,N/A,"Düsseldorf, DE",,qNvAoz0TgcH7DMg8BCVn8jF32QH5L6T29VjHxhHqqGE,[object Object],[object Object],
testnetnodes.xyz,95.217.16.224,615.5907089999964,32,62500000000,44540838184,0,joined,12,11,57,52,5,0,20,N/A,"Helsinki, FI",,qNvAoz0TgcH7DMg8BCVn8jF32QH5L6T29VjHxhHqqGE,[object Object],[object Object],
ivandivandelen.site,185.188.249.150,528.0514170000097,32,62500000000,26159784305,0,joined,17,17,57,55,2,0,20,N/A,"Düsseldorf, DE",,qNvAoz0TgcH7DMg8BCVn8jF32QH5L6T29VjHxhHqqGE,[object Object],[object Object],
lorentocrypto.online,144.91.112.46,1603.483917000005,32,62500000000,18516867957,0,joined,12,11,57,55,2,1,0,N/A,"Nuremberg, DE",,qNvAoz0TgcH7DMg8BCVn8jF32QH5L6T29VjHxhHqqGE,[object Object],[object Object],
arweaveblock.com,45.153.35.149,800.2828749999899,31,62500000000,36358550425,0,joined,14,14,57,55,2,0,17,N/A,", DE",,qNvAoz0TgcH7DMg8BCVn8jF32QH5L6T29VjHxhHqqGE,[object Object],[object Object],
yakupgs.store,77.237.233.11,537.0621660000033,29,62500000000,34915408566,0,joined,3,0,57,51,6,0,36,N/A,", DE",,qNvAoz0TgcH7DMg8BCVn8jF32QH5L6T29VjHxhHqqGE,[object Object],[object Object],
ykpbb.lol,77.237.246.88,542.1157919999969,29,62500000000,36539289849,0,joined,6,0,57,51,6,0,36,N/A,", DE",,qNvAoz0TgcH7DMg8BCVn8jF32QH5L6T29VjHxhHqqGE,[object Object],[object Object],
zerolighta.online,23.88.62.244,561.822291000004,32,62500000000,15908595340,0,joined,12,11,57,56,1,0,20,N/A,"Gunzenhausen, DE",,qNvAoz0TgcH7DMg8BCVn8jF32QH5L6T29VjHxhHqqGE,[object Object],[object Object],
ardrive.net,162.55.159.5,663.435249999995,33-pre,57606470740,128070469346,0,joined,12,12,54,54,0,0,54,N/A,", DE",,qNvAoz0TgcH7DMg8BCVn8jF32QH5L6T29VjHxhHqqGE,[object Object],[object Object],
arweave.auduge.com,86.73.8.57,487.52908300000126,31,56689250000,20175104562,0,joined,9,2,57,50,7,0,13,N/A,"Puteaux, FR",,qNvAoz0TgcH7DMg8BCVn8jF32QH5L6T29VjHxhHqqGE,[object Object],[object Object],
boramirs.store,188.245.39.133,1550.144667000015,32,52500000000,32091941884,0,joined,12,11,57,55,2,0,20,N/A,", DE",,qNvAoz0TgcH7DMg8BCVn8jF32QH5L6T29VjHxhHqqGE,[object Object],[object Object],
arfrost.xyz,104.21.32.1,524.753916000016,27,50828004318,171829967743,0,joined,16,13,57,48,9,0,46,N/A,", ",,qNvAoz0TgcH7DMg8BCVn8jF32QH5L6T29VjHxhHqqGE,[object Object],[object Object],
araoai.com,38.165.20.106,363.89495899999747,29,50000000000,23801628174,0,joined,7,4,57,55,2,0,20,N/A,"San Jose, US",,qNvAoz0TgcH7DMg8BCVn8jF32QH5L6T29VjHxhHqqGE,[object Object],[object Object],
redwhiteconnect.xyz,213.199.34.17,521.812459000008,32,48170000000,18416061152,0,joined,13,13,57,52,5,0,17,N/A,", FR",,qNvAoz0TgcH7DMg8BCVn8jF32QH5L6T29VjHxhHqqGE,[object Object],[object Object],
coinhunterscommunity.xyz,49.13.202.133,566.0731659999874,32,42500000000,1995067271,0,joined,3,0,57,54,3,0,20,N/A,"Nuremberg, DE",,qNvAoz0TgcH7DMg8BCVn8jF32QH5L6T29VjHxhHqqGE,[object Object],[object Object],
ar.alwaysbedream.dev,84.46.242.37,549.4804590000131,29,41888250000,33802060273,0,joined,10,10,57,53,4,0,12,N/A,"Düsseldorf, DE",,qNvAoz0TgcH7DMg8BCVn8jF32QH5L6T29VjHxhHqqGE,[object Object],[object Object],
jembutkucing.xyz,138.201.139.121,592.7040830000187,29,40000000000,24411407959,0,joined,13,13,57,56,1,0,20,N/A,"St. Ingbert, DE",,qNvAoz0TgcH7DMg8BCVn8jF32QH5L6T29VjHxhHqqGE,[object Object],[object Object],
zigza.xyz,142.4.54.138,259.959542000026,32,38114285709,259623429691,0,joined,23,18,57,57,0,0,57,N/A,", US",,qNvAoz0TgcH7DMg8BCVn8jF32QH5L6T29VjHxhHqqGE,[object Object],[object Object],
mulosbron.xyz,46.250.254.140,610.0437919999822,29,37972589255,6494858453,0,joined,6,6,57,56,1,0,20,N/A,"London, GB",,qNvAoz0TgcH7DMg8BCVn8jF32QH5L6T29VjHxhHqqGE,[object Object],[object Object],
ar.aosphere.xyz,145.223.102.2,552.0616250000021,29,37759750000,142146860128,0,joined,14,9,57,56,1,0,31,N/A,", NL",,qNvAoz0TgcH7DMg8BCVn8jF32QH5L6T29VjHxhHqqGE,[object Object],[object Object],
bobinstein.com,67.255.46.239,548.260500000004,32,37049249000,34565310152,0,joined,5,2,57,54,3,0,36,N/A,"Constantia, US",,qNvAoz0TgcH7DMg8BCVn8jF32QH5L6T29VjHxhHqqGE,[object Object],[object Object],
codehodl.xyz,45.90.120.198,561.2066670000204,29,36932993397,25239853360,0,joined,5,3,57,55,2,0,39,N/A,"Los Angeles, US",,qNvAoz0TgcH7DMg8BCVn8jF32QH5L6T29VjHxhHqqGE,[object Object],[object Object],
hexamz.site,134.122.91.9,566.7285419999971,32,33125000000,20007401670,0,joined,6,6,57,56,1,0,20,N/A,"Frankfurt am Main, DE",,qNvAoz0TgcH7DMg8BCVn8jF32QH5L6T29VjHxhHqqGE,[object Object],[object Object],
kuantum.cloud,95.217.83.224,855.840084000025,29,30000000000,15613391777,0,joined,10,10,57,56,1,0,20,N/A,"Helsinki, FI",,qNvAoz0TgcH7DMg8BCVn8jF32QH5L6T29VjHxhHqqGE,[object Object],[object Object],
fromartoao.xyz,157.180.21.4,1625.6256660000072,32,28167750000,38984881547,0,joined,10,9,57,56,1,0,20,N/A,", DE",,qNvAoz0TgcH7DMg8BCVn8jF32QH5L6T29VjHxhHqqGE,[object Object],[object Object],
coshifter.xyz,49.12.69.204,596.416916999995,32,28000000000,43751436458,0,joined,11,10,57,56,1,0,20,N/A,", DE",,qNvAoz0TgcH7DMg8BCVn8jF32QH5L6T29VjHxhHqqGE,[object Object],[object Object],
daemongate.io,178.156.142.116,396.42399999999907,32,27713876625,134484879774,0,joined,24,24,57,57,0,0,57,N/A,", DE",,qNvAoz0TgcH7DMg8BCVn8jF32QH5L6T29VjHxhHqqGE,[object Object],[object Object],
1337pump.lol,104.21.61.115,282.2627499999944,29,24905000000,16568559935,0,joined,2,0,57,54,3,0,36,N/A,", ",,qNvAoz0TgcH7DMg8BCVn8jF32QH5L6T29VjHxhHqqGE,[object Object],[object Object],
karakartal.xyz,65.109.169.170,613.9517079999787,33-pre,22500000000,13404525716,0,joined,5,0,57,52,5,0,29,N/A,"Helsinki, FI",,qNvAoz0TgcH7DMg8BCVn8jF32QH5L6T29VjHxhHqqGE,[object Object],[object Object],
go2.fullnode.agency,103.173.134.11,953.6769159999967,30,22297723294,27091639703,0,joined,3,0,57,55,2,0,36,N/A,", IN",,qNvAoz0TgcH7DMg8BCVn8jF32QH5L6T29VjHxhHqqGE,[object Object],[object Object],
upin3.fullnode.agency,103.173.134.24,1048.0938339999993,30,21708545483,26639250000,0,joined,6,4,57,41,16,0,24,N/A,", IN",,qNvAoz0TgcH7DMg8BCVn8jF32QH5L6T29VjHxhHqqGE,[object Object],[object Object],
tefera.online,144.76.218.21,902.8972920000087,29,21580750000,16698755212,0,joined,10,10,57,56,1,0,20,N/A,", DE",,qNvAoz0TgcH7DMg8BCVn8jF32QH5L6T29VjHxhHqqGE,[object Object],[object Object],
treex.site,142.132.194.170,992.5332909999997,29,21531250000,27340147923,0,joined,7,7,57,56,1,0,20,N/A,", DE",,qNvAoz0TgcH7DMg8BCVn8jF32QH5L6T29VjHxhHqqGE,[object Object],[object Object],
best1.fullnode.agency,103.173.134.19,913.4309169999906,30,20779727165,9706950645,0,joined,2,0,57,41,16,0,24,N/A,", IN",,qNvAoz0TgcH7DMg8BCVn8jF32QH5L6T29VjHxhHqqGE,[object Object],[object Object],
cavey65.com,83.87.213.115,650.5629159999953,31,20627440053,0,0,joined,0,0,29,3,26,3,0,N/A,"Capelle aan den IJssel, NL",,qNvAoz0TgcH7DMg8BCVn8jF32QH5L6T29VjHxhHqqGE,[object Object],[object Object],
williams-ario.xyz,N/A,-1,N/A,20081887245,61740319825,0,joined,14,14,57,55,2,2,0,N/A,N/A,certificate has expired,N/A,[object Object],[object Object],[object Object]
dorukalpkaya.xyz,157.180.40.48,613.8624169999966,32,20016239499,7652225805,0,joined,3,3,51,50,1,0,20,N/A,", DE",,qNvAoz0TgcH7DMg8BCVn8jF32QH5L6T29VjHxhHqqGE,[object Object],[object Object],
hazmaniaxbt1.online,49.13.166.180,577.9743750000198,30,18850816131,24145918053,0,joined,8,8,57,55,2,0,20,N/A,"Nuremberg, DE",,qNvAoz0TgcH7DMg8BCVn8jF32QH5L6T29VjHxhHqqGE,[object Object],[object Object],
perma.surf,37.120.186.174,547.8930420000106,29,18730361662,36189387101,0,joined,2,0,57,35,22,0,35,N/A,", DE",,qNvAoz0TgcH7DMg8BCVn8jF32QH5L6T29VjHxhHqqGE,[object Object],[object Object],
reetas.xyz,49.13.118.192,584.8302919999987,29,17472500000,16282131575,0,joined,13,13,57,56,1,0,20,N/A,", DE",,qNvAoz0TgcH7DMg8BCVn8jF32QH5L6T29VjHxhHqqGE,[object Object],[object Object],
medyoz.com,104.21.49.38,489.9307909999916,29,16935342495,38674549458,0,joined,5,3,57,55,2,0,36,N/A,", ",,qNvAoz0TgcH7DMg8BCVn8jF32QH5L6T29VjHxhHqqGE,[object Object],[object Object],
arweave.chat,104.21.39.78,503.3590419999964,29,16137918267,22839291275,0,joined,5,4,57,56,1,0,39,N/A,", ",,qNvAoz0TgcH7DMg8BCVn8jF32QH5L6T29VjHxhHqqGE,[object Object],[object Object],
gerenimo.click,144.76.114.72,597.6617499999993,31,15667052397,27115252698,0,joined,10,9,57,55,2,0,20,N/A,", DE",,qNvAoz0TgcH7DMg8BCVn8jF32QH5L6T29VjHxhHqqGE,[object Object],[object Object],
berso.store,144.126.148.198,289.88187499999185,32,15116250000,27708022676,0,joined,5,4,57,53,4,0,20,N/A,"New York, US",,qNvAoz0TgcH7DMg8BCVn8jF32QH5L6T29VjHxhHqqGE,[object Object],[object Object],
4u.fullnode.agency,103.173.134.18,903.6989999999932,30,14936605569,200237490993,0,joined,4,1,57,31,26,0,24,N/A,", IN",,qNvAoz0TgcH7DMg8BCVn8jF32QH5L6T29VjHxhHqqGE,[object Object],[object Object],
rufetnaliyev.xyz,37.27.247.100,627.45883399999,32,14722500000,25225176351,0,joined,5,3,57,56,1,0,20,N/A,"Helsinki, FI",,qNvAoz0TgcH7DMg8BCVn8jF32QH5L6T29VjHxhHqqGE,[object Object],[object Object],
perma-web.xyz,37.27.32.204,639.719374999986,32,14633750000,11988687392,0,joined,4,3,57,55,2,0,20,N/A,"Helsinki, FI",,qNvAoz0TgcH7DMg8BCVn8jF32QH5L6T29VjHxhHqqGE,[object Object],[object Object],
ibrahimdirik.xyz,N/A,-1,N/A,14434855373,17700209682,0,joined,3,0,57,46,11,8,0,N/A,N/A,certificate has expired,N/A,[object Object],[object Object],[object Object]
ar.anyone.tech,49.13.145.234,610.7502919999824,32,14344238488,117091750000,0,joined,6,0,57,56,1,0,20,N/A,"Nuremberg, DE",,qNvAoz0TgcH7DMg8BCVn8jF32QH5L6T29VjHxhHqqGE,[object Object],[object Object],
elcinbitcoin.xyz,65.109.196.250,634.1320000000123,32,14203750000,17892500000,0,joined,6,3,57,54,3,0,20,N/A,"Helsinki, FI",,qNvAoz0TgcH7DMg8BCVn8jF32QH5L6T29VjHxhHqqGE,[object Object],[object Object],
aoweave.tech,178.156.162.179,337.62758299999405,29,14168441381,0,0,joined,0,0,56,29,27,0,29,N/A,", DE",,qNvAoz0TgcH7DMg8BCVn8jF32QH5L6T29VjHxhHqqGE,[object Object],[object Object],
adn79.pro,65.108.201.218,668.0981659999816,32,14014386392,23335847343,0,joined,3,0,57,57,0,0,57,N/A,"Helsinki, FI",,qNvAoz0TgcH7DMg8BCVn8jF32QH5L6T29VjHxhHqqGE,[object Object],[object Object],
zaurmammadov.xyz,65.21.251.211,617.6442080000124,29,14011250000,26767408263,0,joined,3,1,57,57,0,0,57,N/A,"Helsinki, FI",,qNvAoz0TgcH7DMg8BCVn8jF32QH5L6T29VjHxhHqqGE,[object Object],[object Object],
khacasablanca.top,31.187.74.113,730.4156250000233,32,13678750000,18332146803,0,joined,7,6,57,56,1,0,20,N/A,"Düsseldorf, DE",,qNvAoz0TgcH7DMg8BCVn8jF32QH5L6T29VjHxhHqqGE,[object Object],[object Object],
subspacer.xyz,188.245.181.44,580.2081250000047,32,13512500000,15394995303,0,joined,6,6,57,56,1,0,20,N/A,", DE",,qNvAoz0TgcH7DMg8BCVn8jF32QH5L6T29VjHxhHqqGE,[object Object],[object Object],
retrogen.xyz,91.107.237.14,571.3811249999853,32,13512500000,16744527089,0,joined,9,9,57,56,1,0,20,N/A,", DE",,qNvAoz0TgcH7DMg8BCVn8jF32QH5L6T29VjHxhHqqGE,[object Object],[object Object],
ar.noddex.com,157.180.39.151,598.0095830000064,32,13469299004,87949841995,0,joined,8,3,57,55,2,0,20,N/A,", DE",,qNvAoz0TgcH7DMg8BCVn8jF32QH5L6T29VjHxhHqqGE,[object Object],[object Object],
ar.vnnode.com,95.217.107.69,572.5771670000104,32,13445901992,32771708345,0,joined,7,4,57,56,1,0,20,N/A,"Helsinki, FI",,qNvAoz0TgcH7DMg8BCVn8jF32QH5L6T29VjHxhHqqGE,[object Object],[object Object],
arfor.us,65.21.14.45,603.3234999999986,20,13439093304,198405296599,0,joined,7,0,57,55,2,0,55,N/A,"Helsinki, FI",,agYcCFJtrMG6cqMuZfskIkFTGvUPddICmtQSBIoPdiA,[object Object],[object Object],
yukovskinode.online,188.245.63.191,623.9605419999862,32,13417500000,20643363483,0,joined,0,0,57,16,41,0,1,N/A,", DE",,qNvAoz0TgcH7DMg8BCVn8jF32QH5L6T29VjHxhHqqGE,[object Object],[object Object],
gatewaypie.com,69.124.94.88,690.2202919999836,32,13367714034,69813454272,0,joined,0,0,32,32,0,0,32,N/A,"Bloomingdale, US",,qNvAoz0TgcH7DMg8BCVn8jF32QH5L6T29VjHxhHqqGE,[object Object],[object Object],
ario.dasamuka.xyz,147.79.102.235,537.2378750000207,32,13346250000,35488397793,0,joined,7,7,57,56,1,0,20,N/A,", US",,qNvAoz0TgcH7DMg8BCVn8jF32QH5L6T29VjHxhHqqGE,[object Object],[object Object],
ar.innode.tech,65.21.244.6,598.4812500000116,32,13329290817,21085930014,0,joined,6,3,57,56,1,0,20,N/A,"Helsinki, FI",,qNvAoz0TgcH7DMg8BCVn8jF32QH5L6T29VjHxhHqqGE,[object Object],[object Object],
aksamlan.xyz,5.161.202.120,309.4927500000049,32,13200000000,35925481244,0,joined,8,5,57,49,8,0,17,N/A,", US",,qNvAoz0TgcH7DMg8BCVn8jF32QH5L6T29VjHxhHqqGE,[object Object],[object Object],
figmental.xyz,162.55.59.25,580.0660409999837,32,13067500000,20522795868,0,joined,6,6,57,56,1,0,20,N/A,", DE",,qNvAoz0TgcH7DMg8BCVn8jF32QH5L6T29VjHxhHqqGE,[object Object],[object Object],
ar-we-ave-ao.online,135.181.108.42,608.7902089999989,32,13041250000,10436411940,0,joined,4,2,57,56,1,0,20,N/A,"Helsinki, FI",,qNvAoz0TgcH7DMg8BCVn8jF32QH5L6T29VjHxhHqqGE,[object Object],[object Object],
d-ao.site,135.181.32.108,644.6743340000103,32,13040000000,29956048472,0,joined,5,4,57,55,2,0,20,N/A,", FI",,qNvAoz0TgcH7DMg8BCVn8jF32QH5L6T29VjHxhHqqGE,[object Object],[object Object],
aoshield.xyz,157.180.39.31,610.5581670000101,32,13020000000,15307872435,0,joined,5,3,57,56,1,0,20,N/A,", DE",,qNvAoz0TgcH7DMg8BCVn8jF32QH5L6T29VjHxhHqqGE,[object Object],[object Object],
bababum.online,95.111.247.101,541.1459170000162,32,12711250000,22760544930,0,joined,3,1,57,53,4,0,4,N/A,"Nuremberg, DE",,qNvAoz0TgcH7DMg8BCVn8jF32QH5L6T29VjHxhHqqGE,[object Object],[object Object],
htonka.xyz,157.180.65.146,612.0146660000028,29,12656663078,28311791757,0,joined,13,7,57,54,3,0,20,N/A,", DE",,qNvAoz0TgcH7DMg8BCVn8jF32QH5L6T29VjHxhHqqGE,[object Object],[object Object],
ar.tahtali.xyz,185.219.142.221,498.2987079999875,31,12500000000,21528271068,0,joined,9,4,57,52,5,0,18,N/A,"Portsmouth, GB",,qNvAoz0TgcH7DMg8BCVn8jF32QH5L6T29VjHxhHqqGE,[object Object],[object Object],
koniq.xyz,157.180.21.250,613.0589579999796,33-pre,12500000000,16929341475,0,joined,3,0,57,53,4,0,3,N/A,", DE",,qNvAoz0TgcH7DMg8BCVn8jF32QH5L6T29VjHxhHqqGE,[object Object],[object Object],
ar.kiranli.xyz,38.242.129.240,546.9529999999795,30,12500000000,25083492958,0,joined,9,6,57,55,2,0,43,N/A,"Düsseldorf, DE",,qNvAoz0TgcH7DMg8BCVn8jF32QH5L6T29VjHxhHqqGE,[object Object],[object Object],
ahmkahvalidator.xyz,89.58.17.108,565.5791249999893,32,12500000000,17224013012,0,joined,9,9,57,55,2,0,20,N/A,", DE",,qNvAoz0TgcH7DMg8BCVn8jF32QH5L6T29VjHxhHqqGE,[object Object],[object Object],
cyanalp.cfd,188.245.44.134,564.6228750000009,29,12500000000,15443170410,0,joined,3,1,57,57,0,0,57,N/A,", DE",,qNvAoz0TgcH7DMg8BCVn8jF32QH5L6T29VjHxhHqqGE,[object Object],[object Object],
djeveras.xyz,188.245.213.68,579.5415830000129,32,12500000000,15398947652,0,joined,3,2,57,56,1,0,20,N/A,", DE",,qNvAoz0TgcH7DMg8BCVn8jF32QH5L6T29VjHxhHqqGE,[object Object],[object Object],
jaxtothehell.xyz,188.213.170.136,570.1474170000001,32,12500000000,17699940921,0,joined,5,5,57,56,1,0,20,N/A,"Arezzo, IT",,qNvAoz0TgcH7DMg8BCVn8jF32QH5L6T29VjHxhHqqGE,[object Object],[object Object],
avocadio.xyz,104.21.54.31,277.07729199997266,30,12500000000,46089468644,0,joined,3,0,57,51,6,0,23,N/A,", ",,qNvAoz0TgcH7DMg8BCVn8jF32QH5L6T29VjHxhHqqGE,[object Object],[object Object],
dependenceboys.store,37.27.80.245,613.3902919999964,32,12345000000,20029707312,0,joined,6,4,57,52,5,0,20,N/A,"Helsinki, FI",,qNvAoz0TgcH7DMg8BCVn8jF32QH5L6T29VjHxhHqqGE,[object Object],[object Object],
salakk.online,95.217.210.95,615.581749999983,32,12304030052,11270212376,0,joined,10,10,57,55,2,0,20,N/A,"Helsinki, FI",,qNvAoz0TgcH7DMg8BCVn8jF32QH5L6T29VjHxhHqqGE,[object Object],[object Object],
pentav.cloud,95.217.105.169,1272.513082999998,29,12000000000,39978365098,0,joined,9,9,57,56,1,0,20,N/A,"Helsinki, FI",,qNvAoz0TgcH7DMg8BCVn8jF32QH5L6T29VjHxhHqqGE,[object Object],[object Object],
karakutu.xyz,65.109.106.108,607.1162499999919,32,11635491290,62894319644,0,joined,0,0,11,11,0,0,11,N/A,"Helsinki, FI",,qNvAoz0TgcH7DMg8BCVn8jF32QH5L6T29VjHxhHqqGE,[object Object],[object Object],
giguan-ar.io,158.220.108.41,517.978833000001,29,11528940822,7298996288,0,joined,1,0,39,37,2,0,20,N/A,"Düsseldorf, DE",,qNvAoz0TgcH7DMg8BCVn8jF32QH5L6T29VjHxhHqqGE,[object Object],[object Object],
aslanas01.xyz,95.216.186.109,845.2366670000192,32,11279599355,26520523227,0,joined,15,14,57,56,1,0,20,N/A,"Helsinki, FI",,qNvAoz0TgcH7DMg8BCVn8jF32QH5L6T29VjHxhHqqGE,[object Object],[object Object],
digiartmov.xyz,195.201.222.52,565.9678750000021,32,11107288848,12725445759,0,joined,5,5,53,52,1,0,20,N/A,"Gunzenhausen, DE",,qNvAoz0TgcH7DMg8BCVn8jF32QH5L6T29VjHxhHqqGE,[object Object],[object Object],
ario.m60.buzz,51.75.119.8,802.9700409999932,29,11047166346,1273093918,0,joined,2,2,33,33,0,0,33,N/A,", FR",,qNvAoz0TgcH7DMg8BCVn8jF32QH5L6T29VjHxhHqqGE,[object Object],[object Object],
mssnodes.xyz,38.242.242.189,527.25,30,11000000000,18145333180,0,joined,5,5,57,56,1,0,43,N/A,"Düsseldorf, DE",,qNvAoz0TgcH7DMg8BCVn8jF32QH5L6T29VjHxhHqqGE,[object Object],[object Object],
kt10.store,152.53.64.255,563.5837499999907,29,11000000000,20160083415,0,joined,4,4,57,56,1,0,20,N/A,", AT",,qNvAoz0TgcH7DMg8BCVn8jF32QH5L6T29VjHxhHqqGE,[object Object],[object Object],
arioarioario.online,194.163.164.194,533.1096250000119,29,11000000000,28136379078,0,joined,9,9,57,54,3,0,20,N/A,"Düsseldorf, DE",,qNvAoz0TgcH7DMg8BCVn8jF32QH5L6T29VjHxhHqqGE,[object Object],[object Object],
morue.site,45.92.10.194,563.3033750000177,32,10874010619,14375713618,0,joined,3,3,50,49,1,0,20,N/A,"Los Angeles, US",,qNvAoz0TgcH7DMg8BCVn8jF32QH5L6T29VjHxhHqqGE,[object Object],[object Object],
sametyuksel.xyz,167.235.194.42,589.5525829999824,32,10870970126,13362861084,0,joined,6,3,57,55,2,0,20,N/A,", DE",,qNvAoz0TgcH7DMg8BCVn8jF32QH5L6T29VjHxhHqqGE,[object Object],[object Object],
thanhapple.space,152.53.125.96,536.08262500001,29,10826250000,17171031221,0,joined,9,9,57,56,1,0,20,N/A,", AT",,qNvAoz0TgcH7DMg8BCVn8jF32QH5L6T29VjHxhHqqGE,[object Object],[object Object],
heymayk.xyz,91.107.207.244,604.1474170000001,32,10809171970,7262748293,0,joined,4,4,52,51,1,0,20,N/A,", DE",,qNvAoz0TgcH7DMg8BCVn8jF32QH5L6T29VjHxhHqqGE,[object Object],[object Object],
afiq.monster,143.198.91.215,751.6730000000098,32,10550000000,2478000000,0,joined,2,2,57,55,2,0,20,N/A,"Singapore, SG",,qNvAoz0TgcH7DMg8BCVn8jF32QH5L6T29VjHxhHqqGE,[object Object],[object Object],
gateway-sav.xyz,116.203.122.193,575.5081660000142,32,10536250000,19819568116,0,joined,9,9,57,56,1,0,20,N/A,", DE",,qNvAoz0TgcH7DMg8BCVn8jF32QH5L6T29VjHxhHqqGE,[object Object],[object Object],
cryptolog.space,95.217.167.245,633.7205420000246,32,10525925828,17365999642,0,joined,6,6,57,55,2,0,10,N/A,"Helsinki, FI",,qNvAoz0TgcH7DMg8BCVn8jF32QH5L6T29VjHxhHqqGE,[object Object],[object Object],
ar.skyeagle.com.tr,49.12.212.235,928.6294580000103,32,10500000000,18867965563,0,joined,5,3,57,46,11,0,9,N/A,", DE",,qNvAoz0TgcH7DMg8BCVn8jF32QH5L6T29VjHxhHqqGE,[object Object],[object Object],
ar.qavurdagli.xyz,157.180.28.174,802.2260830000159,32,10500000000,20421644548,0,joined,3,2,57,52,5,0,28,N/A,", DE",,qNvAoz0TgcH7DMg8BCVn8jF32QH5L6T29VjHxhHqqGE,[object Object],[object Object],
bicem.xyz,62.171.154.252,559.4090000000142,32,10500000000,8401887512,0,joined,4,4,57,54,3,0,36,N/A,"Nuremberg, DE",,qNvAoz0TgcH7DMg8BCVn8jF32QH5L6T29VjHxhHqqGE,[object Object],[object Object],
mrciga.com,116.203.98.181,512.0144169999985,32,10499986003,27523976749,0,joined,11,10,57,56,1,0,41,N/A,", DE",,qNvAoz0TgcH7DMg8BCVn8jF32QH5L6T29VjHxhHqqGE,[object Object],[object Object],
aralper.xyz,148.251.51.57,583.7753749999974,32,10442285968,33561441628,0,joined,20,20,57,56,1,0,20,N/A,", DE",,qNvAoz0TgcH7DMg8BCVn8jF32QH5L6T29VjHxhHqqGE,[object Object],[object Object],
kirke.store,5.189.161.80,574.3367919999873,32,10361666239,0,0,joined,2,0,48,45,3,0,20,N/A,"Nuremberg, DE",,qNvAoz0TgcH7DMg8BCVn8jF32QH5L6T29VjHxhHqqGE,[object Object],[object Object],
asilkan.online,135.181.106.254,610.5504170000204,31,10336500000,19400922514,0,joined,13,10,57,57,0,0,57,N/A,"Helsinki, FI",,qNvAoz0TgcH7DMg8BCVn8jF32QH5L6T29VjHxhHqqGE,[object Object],[object Object],
ariogateways.space,65.109.24.235,611.2144170000101,32,10330000000,654967249,0,joined,0,0,51,49,2,0,20,N/A,"Helsinki, FI",,qNvAoz0TgcH7DMg8BCVn8jF32QH5L6T29VjHxhHqqGE,[object Object],[object Object],
serzenisnodes.org,157.180.36.61,609.711667000025,29,10300000000,14130363186,0,joined,1,0,41,37,4,0,20,N/A,", DE",,qNvAoz0TgcH7DMg8BCVn8jF32QH5L6T29VjHxhHqqGE,[object Object],[object Object],
huenews.store,157.180.44.176,608.7481250000128,32,10286844156,0,0,joined,0,0,17,17,0,0,17,N/A,", DE",,qNvAoz0TgcH7DMg8BCVn8jF32QH5L6T29VjHxhHqqGE,[object Object],[object Object],
0xyvz.xyz,65.108.252.122,635.7717079999857,32,10266250000,20668679154,0,joined,7,6,57,57,0,0,57,N/A,"Helsinki, FI",,qNvAoz0TgcH7DMg8BCVn8jF32QH5L6T29VjHxhHqqGE,[object Object],[object Object],
hnodes.store,65.108.154.103,628.326624999987,29,10264284467,12535453875,0,joined,1,1,22,21,1,0,20,N/A,"Helsinki, FI",,qNvAoz0TgcH7DMg8BCVn8jF32QH5L6T29VjHxhHqqGE,[object Object],[object Object],
fatihkrkmz.xyz,157.180.72.71,610.705707999994,32,10244935139,11511361551,0,joined,0,0,2,2,0,0,2,N/A,", DE",,qNvAoz0TgcH7DMg8BCVn8jF32QH5L6T29VjHxhHqqGE,[object Object],[object Object],
mz2gateway.online,144.126.129.12,251.1167500000156,32,10213731374,26599813814,0,joined,3,0,57,55,2,0,36,N/A,"St Louis, US",,qNvAoz0TgcH7DMg8BCVn8jF32QH5L6T29VjHxhHqqGE,[object Object],[object Object],
node.kaynas.uk,212.229.81.174,635.1765000000014,32,10213099693,54040752156,0,joined,3,2,57,54,3,0,20,N/A,"Milton Keynes, GB",,qNvAoz0TgcH7DMg8BCVn8jF32QH5L6T29VjHxhHqqGE,[object Object],[object Object],
anaraydinli.xyz,157.180.41.111,611.1249170000083,31,10208628912,26485311199,0,joined,8,6,57,57,0,0,57,N/A,", DE",,qNvAoz0TgcH7DMg8BCVn8jF32QH5L6T29VjHxhHqqGE,[object Object],[object Object],
flechemano.com.tr,194.164.168.3,686.9510840000003,32,10204746316,3206837007,0,joined,1,0,55,55,0,0,55,N/A,", GB",,qNvAoz0TgcH7DMg8BCVn8jF32QH5L6T29VjHxhHqqGE,[object Object],[object Object],
ario-tothemoon.store,157.180.71.98,616.3407920000027,29,10202601809,0,0,joined,2,1,54,52,2,0,20,N/A,", DE",,qNvAoz0TgcH7DMg8BCVn8jF32QH5L6T29VjHxhHqqGE,[object Object],[object Object],
trump-ario.store,188.245.32.169,557.7174999999988,29,10202601809,0,0,joined,2,1,54,53,1,0,20,N/A,", DE",,qNvAoz0TgcH7DMg8BCVn8jF32QH5L6T29VjHxhHqqGE,[object Object],[object Object],
dragonborn.store,49.13.10.103,612.6359170000069,32,10201109573,0,0,joined,2,1,53,49,4,0,19,N/A,", DE",,qNvAoz0TgcH7DMg8BCVn8jF32QH5L6T29VjHxhHqqGE,[object Object],[object Object],
ar.tomris.xyz,194.163.172.118,578.6392920000071,31,10200000000,11757584628,0,joined,4,1,57,49,8,0,12,N/A,"Düsseldorf, DE",,qNvAoz0TgcH7DMg8BCVn8jF32QH5L6T29VjHxhHqqGE,[object Object],[object Object],
redbelly-flexi.xyz,94.72.100.94,506.2248340000224,31,10191702681,0,0,joined,1,1,51,50,1,0,20,N/A,"Świdnik, PL",,qNvAoz0TgcH7DMg8BCVn8jF32QH5L6T29VjHxhHqqGE,[object Object],[object Object],
fenerbahcesk.xyz,173.212.199.8,561.7939579999947,31,10191702681,0,0,joined,1,0,51,48,3,0,20,N/A,"Nuremberg, DE",,qNvAoz0TgcH7DMg8BCVn8jF32QH5L6T29VjHxhHqqGE,[object Object],[object Object],
secretsubject.xyz,138.199.197.200,563.0322079999896,32,10191702681,13864830326,0,joined,2,2,51,50,1,0,20,N/A,", DE",,qNvAoz0TgcH7DMg8BCVn8jF32QH5L6T29VjHxhHqqGE,[object Object],[object Object],
landoffire.xyz,157.180.18.176,614.4457089999923,32,10186346157,1312854205,0,joined,0,0,50,48,2,0,20,N/A,", DE",,qNvAoz0TgcH7DMg8BCVn8jF32QH5L6T29VjHxhHqqGE,[object Object],[object Object],
permanodes.site,37.27.31.107,618.6175829999847,32,10186346157,1415122064,0,joined,2,2,50,48,2,0,20,N/A,"Helsinki, FI",,qNvAoz0TgcH7DMg8BCVn8jF32QH5L6T29VjHxhHqqGE,[object Object],[object Object],
sultanfateh.site,37.27.254.53,620.1155420000141,32,10186346157,1289568718,0,joined,1,0,50,48,2,0,20,N/A,"Helsinki, FI",,qNvAoz0TgcH7DMg8BCVn8jF32QH5L6T29VjHxhHqqGE,[object Object],[object Object],
flechemano.com,185.216.179.117,543.8400419999962,32,10182500000,8043531854,0,joined,1,0,57,57,0,0,57,N/A,", AT",,qNvAoz0TgcH7DMg8BCVn8jF32QH5L6T29VjHxhHqqGE,[object Object],[object Object],
enyaselessar.xyz,152.53.90.5,256.2212089999812,32,10170758444,0,0,joined,0,0,41,40,1,0,20,N/A,", AT",,qNvAoz0TgcH7DMg8BCVn8jF32QH5L6T29VjHxhHqqGE,[object Object],[object Object],
logosnodos.xyz,185.250.36.226,544.700542000006,32,10167555238,183494489462,0,joined,29,26,57,54,3,0,20,N/A,"Düsseldorf, DE",,qNvAoz0TgcH7DMg8BCVn8jF32QH5L6T29VjHxhHqqGE,[object Object],[object Object],
lamay.store,135.181.203.180,621.2763329999871,32,10163033302,0,0,joined,0,0,37,37,0,0,37,N/A,"Helsinki, FI",,qNvAoz0TgcH7DMg8BCVn8jF32QH5L6T29VjHxhHqqGE,[object Object],[object Object],
txhoang.store,2.56.97.94,546.8085000000137,32,10163033302,0,0,joined,0,0,37,37,0,0,37,N/A,", DE",,qNvAoz0TgcH7DMg8BCVn8jF32QH5L6T29VjHxhHqqGE,[object Object],[object Object],
nguyenthi.store,5.45.99.148,551.635083000001,32,10163033302,0,0,joined,1,1,37,37,0,0,37,N/A,"Peine, DE",,qNvAoz0TgcH7DMg8BCVn8jF32QH5L6T29VjHxhHqqGE,[object Object],[object Object],
permaweb.lol,161.97.181.241,521.5126659999951,29,10154290326,0,0,joined,0,0,33,31,2,0,20,N/A,"Düsseldorf, DE",,qNvAoz0TgcH7DMg8BCVn8jF32QH5L6T29VjHxhHqqGE,[object Object],[object Object],
tekin86.site,95.217.3.152,616.7751659999776,32,10153117487,10501056562,0,joined,2,2,32,31,1,0,20,N/A,"Helsinki, FI",,qNvAoz0TgcH7DMg8BCVn8jF32QH5L6T29VjHxhHqqGE,[object Object],[object Object],
yusufaytn.xyz,N/A,-1,N/A,10152750000,27223893217,0,joined,9,9,57,48,9,7,0,N/A,N/A,certificate has expired,N/A,[object Object],[object Object],[object Object]
dlzvy.fun,62.146.176.41,288.9847080000036,32,10151500000,24952900318,0,joined,7,4,57,55,2,0,36,N/A,", DE",,qNvAoz0TgcH7DMg8BCVn8jF32QH5L6T29VjHxhHqqGE,[object Object],[object Object],
khoaito.store,158.220.81.45,519.0831670000043,32,10150855757,0,0,joined,0,0,26,26,0,0,26,N/A,"Portsmouth, GB",,qNvAoz0TgcH7DMg8BCVn8jF32QH5L6T29VjHxhHqqGE,[object Object],[object Object],
0xibkab.xyz,157.180.71.144,611.8196659999958,32,10150397238,5573101421,0,joined,0,0,36,35,1,0,20,N/A,", DE",,qNvAoz0TgcH7DMg8BCVn8jF32QH5L6T29VjHxhHqqGE,[object Object],[object Object],
0xibrahim.xyz,157.180.71.143,616.1451669999806,32,10150397238,7186880965,0,joined,1,1,36,35,1,0,20,N/A,", DE",,qNvAoz0TgcH7DMg8BCVn8jF32QH5L6T29VjHxhHqqGE,[object Object],[object Object],
0xkabaoglu.xyz,157.180.28.110,630.8804579999996,32,10150397238,6656739745,0,joined,1,1,36,35,1,0,20,N/A,", DE",,qNvAoz0TgcH7DMg8BCVn8jF32QH5L6T29VjHxhHqqGE,[object Object],[object Object],
hoanminh.store,152.53.81.171,295.1573339999886,32,10146631655,0,0,joined,1,1,21,21,0,0,21,N/A,", AT",,qNvAoz0TgcH7DMg8BCVn8jF32QH5L6T29VjHxhHqqGE,[object Object],[object Object],
ar.callmebigbear.xyz,91.99.92.20,569.0022499999905,32,10143296242,0,0,joined,1,1,15,15,0,0,15,N/A,", DE",,qNvAoz0TgcH7DMg8BCVn8jF32QH5L6T29VjHxhHqqGE,[object Object],[object Object],
lemonado.xyz,138.199.198.244,568.3870840000163,32,10139720042,6920348617,0,joined,1,1,22,21,1,0,20,N/A,", DE",,qNvAoz0TgcH7DMg8BCVn8jF32QH5L6T29VjHxhHqqGE,[object Object],[object Object],
ar-io-gateway.svc.blacksand.xyz,34.54.1.112,458.35899999999674,32-pre,10135716321,0,0,joined,0,0,1,1,0,0,1,N/A,", US",,qNvAoz0TgcH7DMg8BCVn8jF32QH5L6T29VjHxhHqqGE,[object Object],[object Object],
frogzz.xyz,78.47.174.34,562.7921250000072,28,10113750000,29418500000,0,joined,2,1,57,56,1,0,6,N/A,", DE",,qNvAoz0TgcH7DMg8BCVn8jF32QH5L6T29VjHxhHqqGE,[object Object],[object Object],
onr111.xyz,188.245.164.2,581.2557079999824,31,10100000000,13111074508,0,joined,0,0,25,25,0,0,25,N/A,", DE",,qNvAoz0TgcH7DMg8BCVn8jF32QH5L6T29VjHxhHqqGE,[object Object],[object Object],
kabaoglu.store,95.217.134.209,631.8853339999914,32,10087797018,29658808966,0,joined,13,13,57,56,1,0,20,N/A,"Helsinki, FI",,qNvAoz0TgcH7DMg8BCVn8jF32QH5L6T29VjHxhHqqGE,[object Object],[object Object],
vf6plus.store,65.109.7.31,621.2226669999945,29,10072809006,0,0,joined,0,0,14,14,0,0,14,N/A,"Helsinki, FI",,qNvAoz0TgcH7DMg8BCVn8jF32QH5L6T29VjHxhHqqGE,[object Object],[object Object],
busemo.xyz,62.171.158.94,571.7214170000225,32,10050000000,0,0,joined,0,0,49,47,2,0,20,N/A,"Nuremberg, DE",,qNvAoz0TgcH7DMg8BCVn8jF32QH5L6T29VjHxhHqqGE,[object Object],[object Object],
arioario.online,152.53.254.59,553.9090419999848,33-pre,10050000000,0,0,joined,0,0,49,44,5,0,2,N/A,", AT",,qNvAoz0TgcH7DMg8BCVn8jF32QH5L6T29VjHxhHqqGE,[object Object],[object Object],
stevnode.online,95.216.248.117,643.1960419999959,32,10050000000,31082899565,0,joined,8,8,57,56,1,0,20,N/A,"Helsinki, FI",,qNvAoz0TgcH7DMg8BCVn8jF32QH5L6T29VjHxhHqqGE,[object Object],[object Object],
algoul.xyz,91.99.30.67,567.806958000001,32,10050000000,10196813835,0,joined,2,2,39,38,1,0,20,N/A,", DE",,qNvAoz0TgcH7DMg8BCVn8jF32QH5L6T29VjHxhHqqGE,[object Object],[object Object],
loriscant.online,37.27.127.220,634.446082999988,32,10050000000,33086301508,0,joined,10,10,57,56,1,0,20,N/A,"Helsinki, FI",,qNvAoz0TgcH7DMg8BCVn8jF32QH5L6T29VjHxhHqqGE,[object Object],[object Object],
herculesnode.site,37.27.127.220,630.2542919999978,32,10050000000,13935367502,0,joined,8,8,57,55,2,0,20,N/A,"Helsinki, FI",,qNvAoz0TgcH7DMg8BCVn8jF32QH5L6T29VjHxhHqqGE,[object Object],[object Object],
arioario.xyz,130.185.118.46,574.7853750000068,32,10050000000,0,0,joined,2,2,51,50,1,0,39,N/A,"Los Angeles, US",,qNvAoz0TgcH7DMg8BCVn8jF32QH5L6T29VjHxhHqqGE,[object Object],[object Object],
shapezero.site,65.109.173.23,621.0542079999868,32,10048750000,0,0,joined,2,1,57,56,1,0,52,N/A,"Helsinki, FI",,qNvAoz0TgcH7DMg8BCVn8jF32QH5L6T29VjHxhHqqGE,[object Object],[object Object],
gurase.uno,207.180.242.22,711.4628749999974,32,10041641909,14387780925,0,joined,1,1,37,36,1,0,20,N/A,"Nuremberg, DE",,qNvAoz0TgcH7DMg8BCVn8jF32QH5L6T29VjHxhHqqGE,[object Object],[object Object],
calipser.xyz,167.235.49.46,568.050041999988,32,10040000000,15106848503,0,joined,1,1,39,38,1,0,20,N/A,", DE",,qNvAoz0TgcH7DMg8BCVn8jF32QH5L6T29VjHxhHqqGE,[object Object],[object Object],
Phuc.top,91.205.104.57,592.5468330000003,32,10039000000,209823567039,0,joined,9,0,57,54,3,0,20,N/A,", US",,qNvAoz0TgcH7DMg8BCVn8jF32QH5L6T29VjHxhHqqGE,[object Object],[object Object],
stilucky.top,38.242.236.165,704.6172499999811,32,10039000000,250673853966,0,joined,24,21,57,54,3,0,20,N/A,"Düsseldorf, DE",,qNvAoz0TgcH7DMg8BCVn8jF32QH5L6T29VjHxhHqqGE,[object Object],[object Object],
vnnode.top,75.119.131.249,712.6957080000138,32,10039000000,225495254553,0,joined,8,0,57,54,3,0,20,N/A,"Düsseldorf, DE",,qNvAoz0TgcH7DMg8BCVn8jF32QH5L6T29VjHxhHqqGE,[object Object],[object Object],
vn-sti.top,38.242.236.166,516.8410840000142,32,10039000000,223654906116,0,joined,19,17,57,54,3,0,20,N/A,"Düsseldorf, DE",,qNvAoz0TgcH7DMg8BCVn8jF32QH5L6T29VjHxhHqqGE,[object Object],[object Object],
leapson.xyz,195.201.149.96,554.3187909999979,32,10020000000,20258481383,0,joined,1,1,38,37,1,0,20,N/A,"Gunzenhausen, DE",,qNvAoz0TgcH7DMg8BCVn8jF32QH5L6T29VjHxhHqqGE,[object Object],[object Object],
parafmax.site,94.72.109.22,513.5607909999962,31,10015504468,10054459741,0,joined,3,0,57,54,3,0,17,N/A,"Świdnik, PL",,qNvAoz0TgcH7DMg8BCVn8jF32QH5L6T29VjHxhHqqGE,[object Object],[object Object],
ario.resolve.bar,79.198.189.174,1085.112083999993,32,10015000000,29591358843,0,joined,0,0,26,25,1,0,20,N/A,"Essen, DE",,qNvAoz0TgcH7DMg8BCVn8jF32QH5L6T29VjHxhHqqGE,[object Object],[object Object],
adora0x0.xyz,89.58.55.74,746.0295409999962,32,10012250000,6486053520,0,joined,7,7,57,56,1,0,20,N/A,", DE",,qNvAoz0TgcH7DMg8BCVn8jF32QH5L6T29VjHxhHqqGE,[object Object],[object Object],
cagola.xyz,116.203.66.42,574.2982919999922,32,10011000000,10199771889,0,joined,2,2,40,39,1,0,20,N/A,", DE",,qNvAoz0TgcH7DMg8BCVn8jF32QH5L6T29VjHxhHqqGE,[object Object],[object Object],
2save.xyz,37.120.173.44,734.794790999993,32,10010750000,13455019651,0,joined,9,9,57,55,2,0,20,N/A,", DE",,qNvAoz0TgcH7DMg8BCVn8jF32QH5L6T29VjHxhHqqGE,[object Object],[object Object],
ainodes.xyz,37.120.161.180,944.0048330000136,32,10010000000,17338620981,0,joined,8,8,57,54,3,0,4,N/A,", DE",,qNvAoz0TgcH7DMg8BCVn8jF32QH5L6T29VjHxhHqqGE,[object Object],[object Object],
fisneci.com,185.203.216.244,725.7830829999875,32,10010000000,14820447693,0,joined,4,4,57,56,1,0,20,N/A,"Copenhagen, DK",,qNvAoz0TgcH7DMg8BCVn8jF32QH5L6T29VjHxhHqqGE,[object Object],[object Object],
ventural.xyz,188.245.55.60,574.9080419999955,32,10010000000,10823144566,0,joined,4,4,44,43,1,0,20,N/A,", DE",,qNvAoz0TgcH7DMg8BCVn8jF32QH5L6T29VjHxhHqqGE,[object Object],[object Object],
decaprio.xyz,162.55.182.200,561.2790830000013,32,10010000000,13177654624,0,joined,1,1,30,29,1,0,20,N/A,", DE",,qNvAoz0TgcH7DMg8BCVn8jF32QH5L6T29VjHxhHqqGE,[object Object],[object Object],
2year-pump.site,95.216.212.219,635.8111249999783,29,10009000000,0,0,joined,0,0,41,40,1,0,20,N/A,"Helsinki, FI",,qNvAoz0TgcH7DMg8BCVn8jF32QH5L6T29VjHxhHqqGE,[object Object],[object Object],
akirafudo.online,65.109.116.45,773.0884160000132,30,10008898911,21862655692,0,joined,6,6,57,55,2,0,13,N/A,"Helsinki, FI",,qNvAoz0TgcH7DMg8BCVn8jF32QH5L6T29VjHxhHqqGE,[object Object],[object Object],
miraynodes.site,95.216.248.117,644.8397089999926,32,10008312882,13981806508,0,joined,1,1,36,35,1,0,20,N/A,"Helsinki, FI",,qNvAoz0TgcH7DMg8BCVn8jF32QH5L6T29VjHxhHqqGE,[object Object],[object Object],
tpgoose.bar,185.202.239.44,507.04054200000246,32,10008000000,1234919281,0,joined,1,0,24,23,1,0,20,N/A,"Amsterdam, NL",,qNvAoz0TgcH7DMg8BCVn8jF32QH5L6T29VjHxhHqqGE,[object Object],[object Object],
bettersafethansorry.ddns.wtf,79.198.189.174,1139.8547089999774,32,10007000000,6645621407,0,joined,1,1,39,37,2,0,20,N/A,"Essen, DE",,qNvAoz0TgcH7DMg8BCVn8jF32QH5L6T29VjHxhHqqGE,[object Object],[object Object],
rtmpsunucu.online,157.180.9.85,592.1429999999818,32,10007000000,0,0,joined,4,0,57,57,0,0,57,N/A,", DE",,qNvAoz0TgcH7DMg8BCVn8jF32QH5L6T29VjHxhHqqGE,[object Object],[object Object],
ario.koltigin.xyz,176.57.189.36,578.1439590000082,31,10006750000,12963906522,0,joined,4,4,57,50,7,0,12,N/A,"Düsseldorf, DE",,qNvAoz0TgcH7DMg8BCVn8jF32QH5L6T29VjHxhHqqGE,[object Object],[object Object],
zydis.xyz,91.107.193.241,632.5022919999901,32,10006000000,13275614401,0,joined,0,0,38,36,2,0,20,N/A,", DE",,qNvAoz0TgcH7DMg8BCVn8jF32QH5L6T29VjHxhHqqGE,[object Object],[object Object],
funday520.shop,109.123.251.26,523.3752920000115,32,10006000000,0,0,joined,0,0,18,18,0,0,18,N/A,", DE",,qNvAoz0TgcH7DMg8BCVn8jF32QH5L6T29VjHxhHqqGE,[object Object],[object Object],
mz2gateway.shop,207.180.198.98,523.885540999996,32,10005420845,5201377676,0,joined,2,1,39,37,2,0,20,N/A,"Nuremberg, DE",,qNvAoz0TgcH7DMg8BCVn8jF32QH5L6T29VjHxhHqqGE,[object Object],[object Object],
maniac0x.store,65.21.151.237,616.8301250000077,32,10005000000,13787541767,0,joined,1,1,40,38,2,0,20,N/A,"Helsinki, FI",,qNvAoz0TgcH7DMg8BCVn8jF32QH5L6T29VjHxhHqqGE,[object Object],[object Object],
bynoren.xyz,23.88.110.248,568.6924169999838,32,10005000000,14164254722,0,joined,2,2,36,35,1,0,20,N/A,"Gunzenhausen, DE",,qNvAoz0TgcH7DMg8BCVn8jF32QH5L6T29VjHxhHqqGE,[object Object],[object Object],
owlorangejuice.shop,109.205.177.190,525.315957999992,32,10002575810,0,0,joined,1,0,33,32,1,0,20,N/A,"Nuremberg, DE",,qNvAoz0TgcH7DMg8BCVn8jF32QH5L6T29VjHxhHqqGE,[object Object],[object Object],
ar.riceinbucket.com.tr,38.242.249.55,685.7853750000068,32,10002294474,18345146941,0,joined,2,0,57,49,8,0,3,N/A,"Düsseldorf, DE",,qNvAoz0TgcH7DMg8BCVn8jF32QH5L6T29VjHxhHqqGE,[object Object],[object Object],
navs.pro,N/A,-1,N/A,10002000000,11012801746,0,joined,0,0,3,0,3,3,0,N/A,N/A,connect ETIMEDOUT 192.64.119.4:443,N/A,[object Object],[object Object],[object Object]
trangtien.space,135.181.203.225,618.6570000000065,29,10002000000,0,0,joined,0,0,7,7,0,0,7,N/A,"Helsinki, FI",,qNvAoz0TgcH7DMg8BCVn8jF32QH5L6T29VjHxhHqqGE,[object Object],[object Object],
xuankhai.store,157.180.43.116,610.4352499999804,29,10002000000,0,0,joined,1,1,44,42,2,0,20,N/A,", DE",,qNvAoz0TgcH7DMg8BCVn8jF32QH5L6T29VjHxhHqqGE,[object Object],[object Object],
truongha.site,157.180.71.5,614.6432909999858,29,10002000000,0,0,joined,0,0,3,3,0,0,3,N/A,", DE",,qNvAoz0TgcH7DMg8BCVn8jF32QH5L6T29VjHxhHqqGE,[object Object],[object Object],
phuxuan.space,37.27.248.187,647.0347499999916,29,10002000000,0,0,joined,1,1,36,35,1,0,20,N/A,"Helsinki, FI",,qNvAoz0TgcH7DMg8BCVn8jF32QH5L6T29VjHxhHqqGE,[object Object],[object Object],
hinhsu-no1.space,37.27.29.95,631.0824999999604,29,10002000000,0,0,joined,1,1,32,31,1,0,20,N/A,"Helsinki, FI",,qNvAoz0TgcH7DMg8BCVn8jF32QH5L6T29VjHxhHqqGE,[object Object],[object Object],
rabbitholeshot.xyz,144.91.80.86,571.6016250000102,32,10002000000,0,0,joined,1,0,15,15,0,0,15,N/A,"Nuremberg, DE",,qNvAoz0TgcH7DMg8BCVn8jF32QH5L6T29VjHxhHqqGE,[object Object],[object Object],
khuachina.store,157.180.31.26,613.8105830000131,29,10002000000,0,0,joined,0,0,22,21,1,0,20,N/A,", DE",,qNvAoz0TgcH7DMg8BCVn8jF32QH5L6T29VjHxhHqqGE,[object Object],[object Object],
kingoffireland.site,65.21.104.130,644.2362919999869,32,10001000000,1336918389,0,joined,2,2,45,43,2,0,20,N/A,"Helsinki, FI",,qNvAoz0TgcH7DMg8BCVn8jF32QH5L6T29VjHxhHqqGE,[object Object],[object Object],
0x0.io.vn,152.53.32.176,721.4723329999833,32,10001000000,1373405034,0,joined,2,2,50,49,1,0,20,N/A,", AT",,qNvAoz0TgcH7DMg8BCVn8jF32QH5L6T29VjHxhHqqGE,[object Object],[object Object],
junnew1.store,65.108.94.109,632.8432909999974,29,10001000000,0,0,joined,0,0,26,25,1,0,20,N/A,"Helsinki, FI",,qNvAoz0TgcH7DMg8BCVn8jF32QH5L6T29VjHxhHqqGE,[object Object],[object Object],
crbaa.xyz,135.181.155.211,622.5753750000149,29,10001000000,14963880676,0,joined,3,0,57,51,6,0,20,N/A,"Helsinki, FI",,qNvAoz0TgcH7DMg8BCVn8jF32QH5L6T29VjHxhHqqGE,[object Object],[object Object],
auquis.xyz,65.109.219.208,615.1951250000275,29,10001000000,24773813391,0,joined,11,11,57,56,1,0,20,N/A,"Helsinki, FI",,qNvAoz0TgcH7DMg8BCVn8jF32QH5L6T29VjHxhHqqGE,[object Object],[object Object],
kollmz.shop,109.205.178.60,509.5175000000163,32,10001000000,0,0,joined,1,1,33,32,1,0,20,N/A,"Nuremberg, DE",,qNvAoz0TgcH7DMg8BCVn8jF32QH5L6T29VjHxhHqqGE,[object Object],[object Object],
ario.io.vn,89.58.25.35,705.8092920000199,32,10001000000,1086516011,0,joined,0,0,41,38,3,0,20,N/A,", DE",,qNvAoz0TgcH7DMg8BCVn8jF32QH5L6T29VjHxhHqqGE,[object Object],[object Object],
thique.site,37.27.6.11,636.5912090000347,29,10001000000,0,0,joined,1,1,41,40,1,0,20,N/A,"Helsinki, FI",,qNvAoz0TgcH7DMg8BCVn8jF32QH5L6T29VjHxhHqqGE,[object Object],[object Object],
nguyenhoang.space,65.109.238.210,624.5911660000565,29,10001000000,13141673,0,joined,0,0,36,35,1,0,20,N/A,"Helsinki, FI",,qNvAoz0TgcH7DMg8BCVn8jF32QH5L6T29VjHxhHqqGE,[object Object],[object Object],
vlaar.site,65.109.177.73,633.3249169999617,29,10000950000,13023791048,0,joined,8,7,57,56,1,0,20,N/A,"Helsinki, FI",,qNvAoz0TgcH7DMg8BCVn8jF32QH5L6T29VjHxhHqqGE,[object Object],[object Object],
irys.store,65.109.204.160,610.9147909999592,29,10000950000,27695399829,0,joined,10,10,57,56,1,0,20,N/A,"Helsinki, FI",,qNvAoz0TgcH7DMg8BCVn8jF32QH5L6T29VjHxhHqqGE,[object Object],[object Object],
kahvenodes.online,N/A,-1,N/A,10000857513,14446264722,0,joined,13,12,57,44,13,12,0,N/A,N/A,"write EPROTO 808C580E02000000:error:0A000438:SSL routines:ssl3_read_bytes:tlsv1 alert internal error:../deps/openssl/openssl/ssl/record/rec_layer_s3.c:1605:SSL alert number 80
",N/A,[object Object],[object Object],[object Object]
ar.ionode.online,89.58.14.43,890.6528340000077,32,10000811643,328009132982,0,joined,32,31,57,56,1,0,20,N/A,", DE",,qNvAoz0TgcH7DMg8BCVn8jF32QH5L6T29VjHxhHqqGE,[object Object],[object Object],
pi314.xyz,173.212.232.217,544.2845419999794,31,10000750000,20391482892,0,joined,3,0,57,53,4,0,20,N/A,"Nuremberg, DE",,qNvAoz0TgcH7DMg8BCVn8jF32QH5L6T29VjHxhHqqGE,[object Object],[object Object],
ozzcanx.xyz,94.130.225.161,894.7512080000015,32,10000750000,29698195892,0,joined,7,7,57,56,1,0,20,N/A,", DE",,qNvAoz0TgcH7DMg8BCVn8jF32QH5L6T29VjHxhHqqGE,[object Object],[object Object],
enzifiri.com,202.61.252.218,568.2185840000166,32,10000750000,16572042530,0,joined,2,1,57,57,0,0,57,N/A,"Nuremberg, DE",,qNvAoz0TgcH7DMg8BCVn8jF32QH5L6T29VjHxhHqqGE,[object Object],[object Object],
bootstrap.autos,95.216.155.15,686.3622920000344,32,10000750000,11986977003,0,joined,1,1,57,56,1,0,20,N/A,"Helsinki, FI",,qNvAoz0TgcH7DMg8BCVn8jF32QH5L6T29VjHxhHqqGE,[object Object],[object Object],
rikimaru111.site,5.189.128.80,510.1232080000336,31,10000607513,26407684377,0,joined,4,0,57,55,2,0,36,N/A,"Nuremberg, DE",,qNvAoz0TgcH7DMg8BCVn8jF32QH5L6T29VjHxhHqqGE,[object Object],[object Object],
anti-mage01.store,159.69.208.220,542.9608330000192,30,10000607504,12089503805,0,joined,4,0,57,53,4,0,39,N/A,"Nuremberg, DE",,qNvAoz0TgcH7DMg8BCVn8jF32QH5L6T29VjHxhHqqGE,[object Object],[object Object],
spectre01.site,161.97.84.45,572.7866669999785,31,10000497858,22973039194,0,joined,4,0,57,51,6,0,36,N/A,"Nuremberg, DE",,qNvAoz0TgcH7DMg8BCVn8jF32QH5L6T29VjHxhHqqGE,[object Object],[object Object],
edo14.store,77.237.238.75,562.0891249999986,32-pre,10000481267,6233727503,0,joined,0,0,17,17,0,0,17,N/A,", DE",,qNvAoz0TgcH7DMg8BCVn8jF32QH5L6T29VjHxhHqqGE,[object Object],[object Object],
beyzako.xyz,157.90.249.63,580.0229159999872,32,10000250000,17138635823,0,joined,7,6,57,56,1,0,20,N/A,", DE",,qNvAoz0TgcH7DMg8BCVn8jF32QH5L6T29VjHxhHqqGE,[object Object],[object Object],
r4dn.site,207.154.251.36,581.4237089999951,32,10000250000,15796904481,0,joined,4,3,57,54,3,0,22,N/A,"Frankfurt am Main, DE",,qNvAoz0TgcH7DMg8BCVn8jF32QH5L6T29VjHxhHqqGE,[object Object],[object Object],
mustafakara.store,37.27.211.230,605.3633329999866,27,10000250000,27515292995,0,joined,8,7,57,55,2,0,48,N/A,"Helsinki, FI",,qNvAoz0TgcH7DMg8BCVn8jF32QH5L6T29VjHxhHqqGE,[object Object],[object Object],
llct.store,157.180.64.171,615.0349999999744,32,10000100000,0,0,joined,0,0,14,14,0,0,14,N/A,", DE",,qNvAoz0TgcH7DMg8BCVn8jF32QH5L6T29VjHxhHqqGE,[object Object],[object Object],
arweave.fllstck.dev,173.212.231.224,508.838665999996,29,10000045991,64528070416,0,joined,11,8,57,52,5,0,20,N/A,"Nuremberg, DE",,qNvAoz0TgcH7DMg8BCVn8jF32QH5L6T29VjHxhHqqGE,[object Object],[object Object],
devkral.xyz,65.109.161.12,605.4508330000099,32,10000007500,22747792772,0,joined,6,5,57,57,0,0,57,N/A,"Helsinki, FI",,qNvAoz0TgcH7DMg8BCVn8jF32QH5L6T29VjHxhHqqGE,[object Object],[object Object],
dilsinay.space,5.78.42.22,341.3125829999917,32,10000004319,14196731739,0,joined,8,8,57,55,2,1,0,N/A,"Portland, US",,qNvAoz0TgcH7DMg8BCVn8jF32QH5L6T29VjHxhHqqGE,[object Object],[object Object],
pspspsps.net,91.99.4.5,557.4908750000177,29,10000000000,0,0,joined,4,4,57,56,1,0,20,N/A,", DE",,qNvAoz0TgcH7DMg8BCVn8jF32QH5L6T29VjHxhHqqGE,[object Object],[object Object],
waddle.cloud,91.99.1.158,564.5019999999786,29,10000000000,0,0,joined,1,1,43,42,1,0,20,N/A,", DE",,qNvAoz0TgcH7DMg8BCVn8jF32QH5L6T29VjHxhHqqGE,[object Object],[object Object],
ar.nodevaults.com,91.99.88.195,545.7628750000149,32,10000000000,0,0,joined,0,0,15,15,0,0,15,N/A,", DE",,qNvAoz0TgcH7DMg8BCVn8jF32QH5L6T29VjHxhHqqGE,[object Object],[object Object],
baharyazlikmdbaraba.xyz,65.108.140.43,631.1410000000033,29,10000000000,13388250000,0,joined,2,0,57,54,3,0,20,N/A,"Helsinki, FI",,qNvAoz0TgcH7DMg8BCVn8jF32QH5L6T29VjHxhHqqGE,[object Object],[object Object],
sedaseda.online,37.27.43.241,618.6184999999823,31,10000000000,1054018663,0,joined,0,0,37,37,0,0,37,N/A,"Helsinki, FI",,qNvAoz0TgcH7DMg8BCVn8jF32QH5L6T29VjHxhHqqGE,[object Object],[object Object],
trinhsatdaitai.store,116.203.22.146,567.7559159999946,32,10000000000,0,0,joined,1,1,36,36,0,0,36,N/A,", DE",,qNvAoz0TgcH7DMg8BCVn8jF32QH5L6T29VjHxhHqqGE,[object Object],[object Object],
elvinrasulov.online,135.181.253.45,617.9874169999966,29,10000000000,1274991613,0,joined,0,0,37,35,2,0,21,N/A,"Helsinki, FI",,qNvAoz0TgcH7DMg8BCVn8jF32QH5L6T29VjHxhHqqGE,[object Object],[object Object],
alicans.online,65.109.201.51,631.1982500000158,29,10000000000,19401551581,0,joined,4,4,57,56,1,0,20,N/A,"Helsinki, FI",,qNvAoz0TgcH7DMg8BCVn8jF32QH5L6T29VjHxhHqqGE,[object Object],[object Object],
rilborn.xyz,91.99.73.85,558.2427090000128,32,10000000000,6085761610,0,joined,0,0,22,21,1,0,20,N/A,", DE",,qNvAoz0TgcH7DMg8BCVn8jF32QH5L6T29VjHxhHqqGE,[object Object],[object Object],
ken24.space,49.12.200.234,565.0841660000151,29,10000000000,10046081,0,joined,0,0,51,50,1,0,20,N/A,", DE",,qNvAoz0TgcH7DMg8BCVn8jF32QH5L6T29VjHxhHqqGE,[object Object],[object Object],
permanentweb.online,65.109.197.203,613.1662499999511,29,10000000000,13507035369,0,joined,5,5,57,56,1,0,20,N/A,"Helsinki, FI",,qNvAoz0TgcH7DMg8BCVn8jF32QH5L6T29VjHxhHqqGE,[object Object],[object Object],
permanence.online,91.99.31.191,558.3973750000005,29,10000000000,0,0,joined,0,0,35,35,0,0,35,N/A,", DE",,qNvAoz0TgcH7DMg8BCVn8jF32QH5L6T29VjHxhHqqGE,[object Object],[object Object],
0xsaitomo.xyz,5.161.179.173,297.69337499997346,32,10000000000,31854286906,0,joined,13,13,57,56,1,0,20,N/A,"Ashburn, US",,qNvAoz0TgcH7DMg8BCVn8jF32QH5L6T29VjHxhHqqGE,[object Object],[object Object],
arandar.online,194.163.163.42,513.7306669999962,32,10000000000,0,0,joined,0,0,3,3,0,0,3,N/A,"Düsseldorf, DE",,qNvAoz0TgcH7DMg8BCVn8jF32QH5L6T29VjHxhHqqGE,[object Object],[object Object],
on-the-line.online,91.99.31.193,575.6438750000088,29,10000000000,0,0,joined,0,0,35,35,0,0,35,N/A,", DE",,qNvAoz0TgcH7DMg8BCVn8jF32QH5L6T29VjHxhHqqGE,[object Object],[object Object],
stakewithus.online,N/A,-1,N/A,10000000000,1883332304,0,joined,0,0,57,27,30,17,0,N/A,N/A,connect ECONNREFUSED 171.22.125.203:443,N/A,[object Object],[object Object],[object Object]
ario.aoar.io.vn,14.161.39.61,1001.2590830000117,32,10000000000,1062582469,0,joined,0,0,0,0,0,0,0,N/A,"Ho Chi Minh City, VN",,qNvAoz0TgcH7DMg8BCVn8jF32QH5L6T29VjHxhHqqGE,[object Object],[object Object],
flexiblee.xyz,161.97.135.236,533.6433749999851,32,10000000000,15066828751,0,joined,14,12,57,54,3,0,20,N/A,"Düsseldorf, DE",,qNvAoz0TgcH7DMg8BCVn8jF32QH5L6T29VjHxhHqqGE,[object Object],[object Object],
kittyverse.my,173.249.63.88,528.2350829999777,29,10000000000,13364250000,0,joined,5,2,57,54,3,0,20,N/A,"Nuremberg, DE",,qNvAoz0TgcH7DMg8BCVn8jF32QH5L6T29VjHxhHqqGE,[object Object],[object Object],
abracat.xyz,159.69.150.100,552.077500000014,32,10000000000,10323541986,0,joined,0,0,44,43,1,0,20,N/A,"Nuremberg, DE",,qNvAoz0TgcH7DMg8BCVn8jF32QH5L6T29VjHxhHqqGE,[object Object],[object Object],
vrising.online,5.161.190.144,461.38658300001407,29,10000000000,14062105681,0,joined,3,3,57,51,6,0,7,N/A,"Ashburn, US",,qNvAoz0TgcH7DMg8BCVn8jF32QH5L6T29VjHxhHqqGE,[object Object],[object Object],
anaraydinli.online,65.21.181.147,616.1323749999865,31,10000000000,3058167023,0,joined,2,1,52,50,2,0,10,N/A,"Helsinki, FI",,qNvAoz0TgcH7DMg8BCVn8jF32QH5L6T29VjHxhHqqGE,[object Object],[object Object],
omersuleyman.site,162.55.217.74,569.1443330000038,29,10000000000,11778531731,0,joined,2,2,51,48,3,0,20,N/A,", DE",,qNvAoz0TgcH7DMg8BCVn8jF32QH5L6T29VjHxhHqqGE,[object Object],[object Object],
crystalbell.online,195.88.87.174,510.73308299999917,32,10000000000,0,0,joined,0,0,14,14,0,0,14,N/A,"Nuremberg, DE",,qNvAoz0TgcH7DMg8BCVn8jF32QH5L6T29VjHxhHqqGE,[object Object],[object Object],
gerenimo.xyz,65.108.52.193,614.1136669999687,32,10000000000,13902152263,0,joined,4,4,50,49,1,0,20,N/A,"Helsinki, FI",,qNvAoz0TgcH7DMg8BCVn8jF32QH5L6T29VjHxhHqqGE,[object Object],[object Object],
rollappthunder.lol,167.86.76.151,627.4451249999693,32,10000000000,0,0,joined,0,0,48,45,3,0,20,N/A,"Nuremberg, DE",,qNvAoz0TgcH7DMg8BCVn8jF32QH5L6T29VjHxhHqqGE,[object Object],[object Object],
siyantest.xyz,188.245.46.3,554.725999999966,29,10000000000,23604660751,0,joined,10,6,57,57,0,0,57,N/A,", DE",,qNvAoz0TgcH7DMg8BCVn8jF32QH5L6T29VjHxhHqqGE,[object Object],[object Object],
knghtonline.xyz,77.237.245.207,551.3365829999675,32,10000000000,23621064610,0,joined,13,7,57,54,3,0,20,N/A,", DE",,qNvAoz0TgcH7DMg8BCVn8jF32QH5L6T29VjHxhHqqGE,[object Object],[object Object],
galatasaray.online,65.108.255.20,607.727957999974,29,10000000000,0,0,joined,1,1,51,48,3,0,20,N/A,"Helsinki, FI",,qNvAoz0TgcH7DMg8BCVn8jF32QH5L6T29VjHxhHqqGE,[object Object],[object Object],
aoar.io.vn,14.161.39.61,1198.579000000027,32,10000000000,1661870264,0,joined,0,0,22,21,1,0,20,N/A,"Ho Chi Minh City, VN",,qNvAoz0TgcH7DMg8BCVn8jF32QH5L6T29VjHxhHqqGE,[object Object],[object Object],
dymwizard.store,194.163.178.9,534.699666999979,32,10000000000,0,0,joined,0,0,41,39,2,0,36,N/A,"Düsseldorf, DE",,qNvAoz0TgcH7DMg8BCVn8jF32QH5L6T29VjHxhHqqGE,[object Object],[object Object],
humbleman.store,91.99.57.209,651.6709589999518,32,10000000000,0,0,joined,0,0,6,6,0,0,6,N/A,", DE",,qNvAoz0TgcH7DMg8BCVn8jF32QH5L6T29VjHxhHqqGE,[object Object],[object Object],
dimori.store,91.107.223.51,596.7867909999914,32,10000000000,0,0,joined,0,0,41,41,0,0,41,N/A,", DE",,qNvAoz0TgcH7DMg8BCVn8jF32QH5L6T29VjHxhHqqGE,[object Object],[object Object],
ar.oohgroup.vn,95.216.193.35,546.5074579999782,32,10000000000,130741876,0,joined,0,0,25,24,1,0,20,N/A,"Helsinki, FI",,qNvAoz0TgcH7DMg8BCVn8jF32QH5L6T29VjHxhHqqGE,[object Object],[object Object],
seadriver.site,5.75.232.200,587.8187499999767,32,10000000000,97000000,0,joined,1,1,49,48,1,0,20,N/A,"Frankfurt am Main, DE",,qNvAoz0TgcH7DMg8BCVn8jF32QH5L6T29VjHxhHqqGE,[object Object],[object Object],
dreambyd.space,138.199.195.29,584.149374999979,29,10000000000,0,0,joined,0,0,45,42,3,0,20,N/A,", DE",,qNvAoz0TgcH7DMg8BCVn8jF32QH5L6T29VjHxhHqqGE,[object Object],[object Object],
saltuk.site,138.199.223.106,561.17279099999,32,10000000000,10000000,0,joined,0,0,50,48,2,0,3,N/A,", DE",,qNvAoz0TgcH7DMg8BCVn8jF32QH5L6T29VjHxhHqqGE,[object Object],[object Object],
darksunnodes.fun,65.109.142.193,730.7036669999943,30,10000000000,19596648222,0,joined,5,3,57,50,7,0,7,N/A,"Helsinki, FI",,qNvAoz0TgcH7DMg8BCVn8jF32QH5L6T29VjHxhHqqGE,[object Object],[object Object],
depzai.store,157.180.76.242,630.3716670000576,32,10000000000,0,0,joined,0,0,9,9,0,0,9,N/A,", DE",,qNvAoz0TgcH7DMg8BCVn8jF32QH5L6T29VjHxhHqqGE,[object Object],[object Object],
kgenesys.store,167.235.152.137,588.0112910000025,32,10000000000,0,0,joined,0,0,41,41,0,0,41,N/A,"Hachenburg, DE",,qNvAoz0TgcH7DMg8BCVn8jF32QH5L6T29VjHxhHqqGE,[object Object],[object Object],
ario.0x0.io.vn,14.161.39.61,995.726874999993,32,10000000000,1526300959,0,joined,0,0,8,8,0,0,8,N/A,"Ho Chi Minh City, VN",,qNvAoz0TgcH7DMg8BCVn8jF32QH5L6T29VjHxhHqqGE,[object Object],[object Object],
bayurnet.site,161.97.150.179,775.2271670000046,32,10000000000,11287664753,0,joined,0,0,23,22,1,0,20,N/A,"Düsseldorf, DE",,qNvAoz0TgcH7DMg8BCVn8jF32QH5L6T29VjHxhHqqGE,[object Object],[object Object],
meditationlove.store,138.199.234.111,614.0022920000483,32,10000000000,10072662,0,joined,1,1,49,47,2,0,20,N/A,", DE",,qNvAoz0TgcH7DMg8BCVn8jF32QH5L6T29VjHxhHqqGE,[object Object],[object Object],
parakende.site,5.189.164.222,555.6308340000105,32,10000000000,0,0,joined,0,0,48,45,3,0,20,N/A,"Nuremberg, DE",,qNvAoz0TgcH7DMg8BCVn8jF32QH5L6T29VjHxhHqqGE,[object Object],[object Object],
q-q.cloud,91.99.31.192,565.6754169999622,29,10000000000,0,0,joined,1,1,35,35,0,0,35,N/A,", DE",,qNvAoz0TgcH7DMg8BCVn8jF32QH5L6T29VjHxhHqqGE,[object Object],[object Object],
spacemarko.xyz,N/A,-1,N/A,10000000000,0,0,joined,0,0,36,31,5,5,0,N/A,N/A,connect ETIMEDOUT 161.97.113.49:443,N/A,[object Object],[object Object],[object Object]
permagate.net,91.99.1.11,572.9669160000049,29,10000000000,0,0,joined,1,0,57,56,1,0,20,N/A,", DE",,qNvAoz0TgcH7DMg8BCVn8jF32QH5L6T29VjHxhHqqGE,[object Object],[object Object],
g9g9.net,91.99.9.138,605.2644999999902,29,10000000000,0,0,joined,0,0,57,56,1,0,20,N/A,", DE",,qNvAoz0TgcH7DMg8BCVn8jF32QH5L6T29VjHxhHqqGE,[object Object],[object Object],
elifalper.xyz,157.180.70.85,635.2327500000247,32,10000000000,11142782396,0,joined,0,0,2,0,2,2,0,N/A,", DE",,qNvAoz0TgcH7DMg8BCVn8jF32QH5L6T29VjHxhHqqGE,[object Object],[object Object],
loseless.xyz,65.109.181.23,618.515625,29,10000000000,13728480794,0,joined,3,2,38,37,1,0,20,N/A,"Helsinki, FI",,qNvAoz0TgcH7DMg8BCVn8jF32QH5L6T29VjHxhHqqGE,[object Object],[object Object],
ar.owlstake.com,103.107.183.89,893.0023339999607,29,10000000000,12381815540,0,joined,2,0,57,54,3,0,20,N/A,", VN",,qNvAoz0TgcH7DMg8BCVn8jF32QH5L6T29VjHxhHqqGE,[object Object],[object Object],
friendzone-ar.space,65.108.87.134,612.4737920000334,29,10000000000,10018480,0,joined,0,0,45,44,1,0,20,N/A,"Helsinki, FI",,qNvAoz0TgcH7DMg8BCVn8jF32QH5L6T29VjHxhHqqGE,[object Object],[object Object],
decentralizeguys.store,168.119.111.72,589.6283750000293,32,10000000000,0,0,joined,0,0,11,11,0,0,11,N/A,"Bochum, DE",,qNvAoz0TgcH7DMg8BCVn8jF32QH5L6T29VjHxhHqqGE,[object Object],[object Object],
khanhwizardpa.store,80.190.81.198,527.4959580000141,32,10000000000,11000000,0,joined,0,0,50,48,2,0,36,N/A,", DE",,qNvAoz0TgcH7DMg8BCVn8jF32QH5L6T29VjHxhHqqGE,[object Object],[object Object],
thd.io.vn,185.207.107.117,672.0523329999996,32,10000000000,17290168931,0,joined,10,10,57,56,1,0,20,N/A,", DE",,qNvAoz0TgcH7DMg8BCVn8jF32QH5L6T29VjHxhHqqGE,[object Object],[object Object],
ar.phuongvusolution.com,95.217.8.206,576.579207999981,32,10000000000,130950485,0,joined,1,1,25,24,1,0,20,N/A,"Helsinki, FI",,qNvAoz0TgcH7DMg8BCVn8jF32QH5L6T29VjHxhHqqGE,[object Object],[object Object],
gateway.ao,N/A,-1,N/A,10000000000,24855000000,0,joined,1,1,57,56,1,0,20,N/A,N/A,getaddrinfo ENOTFOUND gateway.ao,N/A,[object Object],[object Object],[object Object]
ezio.space,188.245.147.129,563.1312499999767,32,10000000000,116924833,0,joined,1,1,51,50,1,0,20,N/A,", DE",,qNvAoz0TgcH7DMg8BCVn8jF32QH5L6T29VjHxhHqqGE,[object Object],[object Object],
dumdump.store,188.245.68.108,576.9962090000045,32,10000000000,0,0,joined,1,1,40,40,0,0,40,N/A,", DE",,qNvAoz0TgcH7DMg8BCVn8jF32QH5L6T29VjHxhHqqGE,[object Object],[object Object],
ario-maimy.club,128.140.6.236,543.3821660000249,29,10000000000,0,0,joined,0,0,55,53,2,0,20,N/A,", DE",,qNvAoz0TgcH7DMg8BCVn8jF32QH5L6T29VjHxhHqqGE,[object Object],[object Object],
unluckylee.space,65.109.219.75,624.1857500000042,29,10000000000,1289536897,0,joined,0,0,28,27,1,0,20,N/A,"Helsinki, FI",,qNvAoz0TgcH7DMg8BCVn8jF32QH5L6T29VjHxhHqqGE,[object Object],[object Object],
cmdexe1.xyz,128.140.92.82,604.3089159999508,32,10000000000,21095858893,0,joined,7,7,57,52,5,0,4,N/A,", DE",,qNvAoz0TgcH7DMg8BCVn8jF32QH5L6T29VjHxhHqqGE,[object Object],[object Object],
altincicek.site,116.203.60.125,597.0597500000149,32-pre,10000000000,1275653179,0,joined,0,0,9,9,0,0,9,N/A,", DE",,qNvAoz0TgcH7DMg8BCVn8jF32QH5L6T29VjHxhHqqGE,[object Object],[object Object],
arweave.io.vn,14.161.39.61,2027.4515419999952,32,10000000000,1069170037,0,joined,1,0,31,30,1,0,20,N/A,"Ho Chi Minh City, VN",,qNvAoz0TgcH7DMg8BCVn8jF32QH5L6T29VjHxhHqqGE,[object Object],[object Object],
sixhorses.xyz,N/A,-1,N/A,10000000000,0,0,joined,2,0,39,28,11,9,0,N/A,N/A,connect ECONNREFUSED 45.12.108.144:443,N/A,[object Object],[object Object],[object Object]
incirlitarla.xyz,109.123.248.52,532.3113749999902,31,10000000000,19605775882,0,joined,16,14,57,54,3,0,20,N/A,", DE",,qNvAoz0TgcH7DMg8BCVn8jF32QH5L6T29VjHxhHqqGE,[object Object],[object Object],
moodengcute.site,49.13.217.236,614.5094999999856,32,10000000000,0,0,joined,0,0,3,3,0,0,3,N/A,"Nuremberg, DE",,qNvAoz0TgcH7DMg8BCVn8jF32QH5L6T29VjHxhHqqGE,[object Object],[object Object],
benikoo.shop,65.109.178.109,600.4191659999778,29,10000000000,1195456632,0,joined,0,0,33,26,7,0,20,N/A,"Helsinki, FI",,qNvAoz0TgcH7DMg8BCVn8jF32QH5L6T29VjHxhHqqGE,[object Object],[object Object],
prowsemre.fun,138.199.223.142,588.2232080000103,29,10000000000,7176971694,0,joined,6,4,57,56,1,0,20,N/A,", DE",,qNvAoz0TgcH7DMg8BCVn8jF32QH5L6T29VjHxhHqqGE,[object Object],[object Object],
suttuoglu.space,37.27.9.50,618.1572080000187,29,10000000000,1274991613,0,joined,1,1,36,36,0,0,36,N/A,"Helsinki, FI",,qNvAoz0TgcH7DMg8BCVn8jF32QH5L6T29VjHxhHqqGE,[object Object],[object Object],
adaconna.top,194.60.201.42,593.7323340000003,32,10000000000,17456640681,0,joined,5,4,57,46,11,0,4,N/A,"Düsseldorf, DE",,qNvAoz0TgcH7DMg8BCVn8jF32QH5L6T29VjHxhHqqGE,[object Object],[object Object],
kuzgun.site,138.199.207.46,581.4963749999879,32,10000000000,10000000,0,joined,0,0,50,49,1,0,20,N/A,", DE",,qNvAoz0TgcH7DMg8BCVn8jF32QH5L6T29VjHxhHqqGE,[object Object],[object Object],
escobar39.xyz,N/A,-1,N/A,10000000000,12695483734,0,joined,0,0,39,28,11,10,0,N/A,N/A,connect ECONNREFUSED 178.23.190.104:443,N/A,[object Object],[object Object],[object Object]
onetwothreemoving.space,N/A,-1,N/A,10000000000,0,0,joined,1,0,44,28,16,14,0,N/A,N/A,connect ETIMEDOUT 45.12.142.212:443,N/A,[object Object],[object Object],[object Object]
stonkson.xyz,5.161.212.77,301.0833330000751,32,10000000000,24100160798,0,joined,12,12,57,55,2,0,20,N/A,", US",,qNvAoz0TgcH7DMg8BCVn8jF32QH5L6T29VjHxhHqqGE,[object Object],[object Object],
ario.ario.io.vn,14.161.39.61,1005.2941659999778,32,10000000000,1078146251,0,joined,0,0,7,7,0,0,7,N/A,"Ho Chi Minh City, VN",,qNvAoz0TgcH7DMg8BCVn8jF32QH5L6T29VjHxhHqqGE,[object Object],[object Object],
software0x.space,157.173.99.87,529.796624999959,29,10000000000,16761000000,0,joined,5,5,57,55,2,0,20,N/A,", GB",,qNvAoz0TgcH7DMg8BCVn8jF32QH5L6T29VjHxhHqqGE,[object Object],[object Object],
elanur.space,37.27.21.96,615.5058330000611,31,10000000000,1274801099,0,joined,1,0,37,37,0,0,37,N/A,"Helsinki, FI",,qNvAoz0TgcH7DMg8BCVn8jF32QH5L6T29VjHxhHqqGE,[object Object],[object Object],
wenairdropsir.store,65.108.216.197,634.9301660000347,32,10000000000,30269958134,0,joined,4,0,57,56,1,0,20,N/A,"Helsinki, FI",,qNvAoz0TgcH7DMg8BCVn8jF32QH5L6T29VjHxhHqqGE,[object Object],[object Object],
gentlepenguin.online,85.208.48.99,548.1786669999128,32,10000000000,0,0,joined,0,0,14,14,0,0,14,N/A,"Düsseldorf, DE",,qNvAoz0TgcH7DMg8BCVn8jF32QH5L6T29VjHxhHqqGE,[object Object],[object Object],
despacito.store,37.27.192.92,881.0955420000246,32,10000000000,27659556877,0,joined,2,0,57,54,3,0,49,N/A,", US",,qNvAoz0TgcH7DMg8BCVn8jF32QH5L6T29VjHxhHqqGE,[object Object],[object Object],
tamduong.store,95.216.223.115,621.8019169999752,32,10000000000,0,0,joined,1,1,37,36,1,0,36,N/A,"Helsinki, FI",,qNvAoz0TgcH7DMg8BCVn8jF32QH5L6T29VjHxhHqqGE,[object Object],[object Object],
chaintech.site,78.47.64.191,551.56341599999,32,10000000000,33620676120,0,joined,8,8,57,56,1,0,20,N/A,", DE",,qNvAoz0TgcH7DMg8BCVn8jF32QH5L6T29VjHxhHqqGE,[object Object],[object Object],
mimboku.store,158.220.103.29,530.2010000000009,32,10000000000,0,0,joined,0,0,41,40,1,0,36,N/A,"Düsseldorf, DE",,qNvAoz0TgcH7DMg8BCVn8jF32QH5L6T29VjHxhHqqGE,[object Object],[object Object],
selcuk.store,194.163.156.197,545.7593750000233,32,10000000000,21061712139,0,joined,3,0,57,56,1,0,20,N/A,"Düsseldorf, DE",,qNvAoz0TgcH7DMg8BCVn8jF32QH5L6T29VjHxhHqqGE,[object Object],[object Object],
arweave.store,91.99.4.131,605.8805410000496,29,10000000000,87000000,0,joined,2,2,57,56,1,0,20,N/A,", DE",,qNvAoz0TgcH7DMg8BCVn8jF32QH5L6T29VjHxhHqqGE,[object Object],[object Object],
permagate.xyz,65.21.146.136,633.6673339999979,31,10000000000,0,0,joined,0,0,17,17,0,0,17,N/A,"Helsinki, FI",,qNvAoz0TgcH7DMg8BCVn8jF32QH5L6T29VjHxhHqqGE,[object Object],[object Object],
zionalc.online,65.109.198.7,614.9642079999903,29,10000000000,16583077092,0,joined,6,5,57,56,1,0,20,N/A,"Helsinki, FI",,qNvAoz0TgcH7DMg8BCVn8jF32QH5L6T29VjHxhHqqGE,[object Object],[object Object],
phoenixx.online,88.198.120.130,581.8548329999903,32,10000000000,10000000,0,joined,3,3,50,49,1,0,20,N/A,", DE",,qNvAoz0TgcH7DMg8BCVn8jF32QH5L6T29VjHxhHqqGE,[object Object],[object Object],
iearnusd.com,49.13.85.45,584.4448750000447,32,10000000000,19372250000,0,joined,7,7,57,56,1,0,6,N/A,", DE",,qNvAoz0TgcH7DMg8BCVn8jF32QH5L6T29VjHxhHqqGE,[object Object],[object Object],
ar.innode.space,116.202.19.75,555.7402500000317,32,10000000000,0,0,joined,0,0,5,5,0,0,5,N/A,"Falkenstein, DE",,qNvAoz0TgcH7DMg8BCVn8jF32QH5L6T29VjHxhHqqGE,[object Object],[object Object],
flechemano.space,188.68.49.157,581.1596249999711,30-pre,10000000000,4255351991,0,joined,1,0,38,38,0,0,38,N/A,", DE",,qNvAoz0TgcH7DMg8BCVn8jF32QH5L6T29VjHxhHqqGE,[object Object],[object Object],
eaddaa.website,157.173.203.145,252.8951249999227,29,10000000000,9150750000,0,joined,4,3,57,55,2,0,20,N/A,", GB",,qNvAoz0TgcH7DMg8BCVn8jF32QH5L6T29VjHxhHqqGE,[object Object],[object Object],
gravitycorp.xyz,N/A,-1,N/A,10000000000,9466556238,0,joined,0,0,39,27,12,9,0,N/A,N/A,connect ECONNREFUSED 45.8.144.21:443,N/A,[object Object],[object Object],[object Object]
ario.ctytanviet.vn,14.161.39.61,994.6591250000056,32,10000000000,1170017356,0,joined,0,0,12,12,0,0,12,N/A,"Ho Chi Minh City, VN",,qNvAoz0TgcH7DMg8BCVn8jF32QH5L6T29VjHxhHqqGE,[object Object],[object Object],
arsiz.store,95.216.173.229,607.8415000000969,29,10000000000,0,0,joined,1,1,51,48,3,0,20,N/A,"Helsinki, FI",,qNvAoz0TgcH7DMg8BCVn8jF32QH5L6T29VjHxhHqqGE,[object Object],[object Object],
baoquoc1998.site,95.216.205.159,632.7777080000378,32,10000000000,0,0,joined,1,0,51,49,2,0,20,N/A,"Helsinki, FI",,qNvAoz0TgcH7DMg8BCVn8jF32QH5L6T29VjHxhHqqGE,[object Object],[object Object],
2bt2.cloud,91.99.26.173,571.1367499999469,29,10000000000,0,0,joined,0,0,35,35,0,0,35,N/A,", DE",,qNvAoz0TgcH7DMg8BCVn8jF32QH5L6T29VjHxhHqqGE,[object Object],[object Object],
kazazel.xyz,168.119.62.197,628.8942499998957,32,10000000000,16775046918,0,joined,6,5,57,56,1,0,20,N/A,", DE",,qNvAoz0TgcH7DMg8BCVn8jF32QH5L6T29VjHxhHqqGE,[object Object],[object Object],
krayir.xyz,159.69.17.137,554.3720830000238,29,10000000000,21394494117,0,joined,3,0,57,57,0,0,57,N/A,"Nuremberg, DE",,qNvAoz0TgcH7DMg8BCVn8jF32QH5L6T29VjHxhHqqGE,[object Object],[object Object],
kingsharaldoperator.xyz,152.53.95.64,565.0285000000149,32,10000000000,26528249470,0,joined,8,8,57,56,1,0,20,N/A,", AT",,qNvAoz0TgcH7DMg8BCVn8jF32QH5L6T29VjHxhHqqGE,[object Object],[object Object],
vevivoofficial.xyz,152.53.133.92,538.9948750000913,32,10000000000,15700745382,0,joined,13,13,57,55,2,0,20,N/A,", AT",,qNvAoz0TgcH7DMg8BCVn8jF32QH5L6T29VjHxhHqqGE,[object Object],[object Object],
gatewaykeeper.net,91.99.3.230,588.8564580000238,29,10000000000,0,0,joined,3,3,57,56,1,0,20,N/A,", DE",,qNvAoz0TgcH7DMg8BCVn8jF32QH5L6T29VjHxhHqqGE,[object Object],[object Object],
ar.tdooh.com,65.21.180.44,600.1324999999488,32,10000000000,0,0,joined,0,0,25,24,1,0,20,N/A,"Helsinki, FI",,qNvAoz0TgcH7DMg8BCVn8jF32QH5L6T29VjHxhHqqGE,[object Object],[object Object],
ar-node.megastake.org,103.107.183.177,845.5204170000507,29,10000000000,23283241321,0,joined,3,0,57,55,2,0,11,N/A,", VN",,qNvAoz0TgcH7DMg8BCVn8jF32QH5L6T29VjHxhHqqGE,[object Object],[object Object],
mydeepstate.store,152.53.83.152,273.2927080000518,32,10000000000,0,0,joined,0,0,50,50,0,0,50,N/A,", AT",,qNvAoz0TgcH7DMg8BCVn8jF32QH5L6T29VjHxhHqqGE,[object Object],[object Object],
permabull.net,188.245.161.255,605.747999999905,29,10000000000,0,0,joined,3,3,57,55,2,0,20,N/A,", DE",,qNvAoz0TgcH7DMg8BCVn8jF32QH5L6T29VjHxhHqqGE,[object Object],[object Object],
claminal.xyz,128.140.46.236,560.0343749999302,32,10000000000,15154969564,0,joined,1,1,30,29,1,0,20,N/A,", DE",,qNvAoz0TgcH7DMg8BCVn8jF32QH5L6T29VjHxhHqqGE,[object Object],[object Object],
zukerya.online,95.217.238.24,631.1752080000006,29,10000000000,13614302773,0,joined,1,1,51,49,2,0,20,N/A,"Helsinki, FI",,qNvAoz0TgcH7DMg8BCVn8jF32QH5L6T29VjHxhHqqGE,[object Object],[object Object],
kuraganavto.xyz,62.171.158.65,562.1569169999566,29,10000000000,0,0,joined,1,0,36,35,1,0,35,N/A,"Nuremberg, DE",,qNvAoz0TgcH7DMg8BCVn8jF32QH5L6T29VjHxhHqqGE,[object Object],[object Object],
ariodeva.shop,149.102.139.248,543.734541999991,32,10000000000,7585789973,0,joined,0,0,4,4,0,0,4,N/A,"Düsseldorf, DE",,qNvAoz0TgcH7DMg8BCVn8jF32QH5L6T29VjHxhHqqGE,[object Object],[object Object],
arioera.shop,149.102.138.34,525.2857079999521,32,10000000000,5602273165,0,joined,0,0,4,4,0,0,4,N/A,"Düsseldorf, DE",,qNvAoz0TgcH7DMg8BCVn8jF32QH5L6T29VjHxhHqqGE,[object Object],[object Object],
retardo.store,116.203.133.101,571.703749999986,32,10000000000,0,0,joined,2,1,41,41,0,0,41,N/A,"Frankfurt am Main, DE",,qNvAoz0TgcH7DMg8BCVn8jF32QH5L6T29VjHxhHqqGE,[object Object],[object Object],
stakelikeapro.xyz,173.249.24.92,559.7948329999344,29,10000000000,0,0,joined,0,0,34,32,2,0,32,N/A,"Nuremberg, DE",,qNvAoz0TgcH7DMg8BCVn8jF32QH5L6T29VjHxhHqqGE,[object Object],[object Object],
fennari.xyz,157.180.35.53,617.1323340000818,32,10000000000,13080501687,0,joined,2,2,57,55,2,0,36,N/A,", DE",,qNvAoz0TgcH7DMg8BCVn8jF32QH5L6T29VjHxhHqqGE,[object Object],[object Object],
barburan.site,109.123.253.67,541.3842919999734,29,10000000000,19399270518,0,joined,3,3,57,54,3,0,39,N/A,", DE",,qNvAoz0TgcH7DMg8BCVn8jF32QH5L6T29VjHxhHqqGE,[object Object],[object Object],
bulltega.xyz,65.108.54.145,612.0403749999823,31,10000000000,0,0,joined,0,0,17,17,0,0,17,N/A,"Helsinki, FI",,qNvAoz0TgcH7DMg8BCVn8jF32QH5L6T29VjHxhHqqGE,[object Object],[object Object],
arnexus.help,173.212.246.172,541.4636660000542,29,10000000000,3240076663,0,joined,0,0,49,46,3,0,20,N/A,"Nuremberg, DE",,qNvAoz0TgcH7DMg8BCVn8jF32QH5L6T29VjHxhHqqGE,[object Object],[object Object],
sunkripto.fun,95.111.253.137,591.1621250000317,29,10000000000,18627751167,0,joined,6,4,57,47,10,0,7,N/A,"Nuremberg, DE",,qNvAoz0TgcH7DMg8BCVn8jF32QH5L6T29VjHxhHqqGE,[object Object],[object Object],
trinhsatkhonggianmang.store,65.108.49.131,643.621083999984,32,10000000000,0,0,joined,0,0,30,30,0,0,30,N/A,"Helsinki, FI",,qNvAoz0TgcH7DMg8BCVn8jF32QH5L6T29VjHxhHqqGE,[object Object],[object Object],
erenynk.xyz,5.75.128.76,562.3927919999696,29,10000000000,20970331092,0,joined,10,10,57,56,1,0,20,N/A,", DE",,qNvAoz0TgcH7DMg8BCVn8jF32QH5L6T29VjHxhHqqGE,[object Object],[object Object],
imyadomena.xyz,173.212.235.91,542.9361250000075,32,10000000000,4820177157,0,joined,2,0,42,37,5,0,13,N/A,"Nuremberg, DE",,qNvAoz0TgcH7DMg8BCVn8jF32QH5L6T29VjHxhHqqGE,[object Object],[object Object],
autonomous-gate.xyz,95.217.152.241,630.9102089999942,31,10000000000,0,0,joined,0,0,17,17,0,0,17,N/A,"Helsinki, FI",,qNvAoz0TgcH7DMg8BCVn8jF32QH5L6T29VjHxhHqqGE,[object Object],[object Object],
ar.nodesvault.com,91.99.90.53,555.4978330000304,32,10000000000,0,0,joined,0,0,16,16,0,0,16,N/A,", DE",,qNvAoz0TgcH7DMg8BCVn8jF32QH5L6T29VjHxhHqqGE,[object Object],[object Object],
cartiboi.online,65.108.200.234,614.5937080000294,29,10000000000,14645560900,0,joined,1,1,43,40,3,0,20,N/A,"Helsinki, FI",,qNvAoz0TgcH7DMg8BCVn8jF32QH5L6T29VjHxhHqqGE,[object Object],[object Object],
aothe.computer,91.99.5.120,800.9019170000684,29,10000000000,11000000,0,joined,2,2,57,56,1,0,20,N/A,", DE",,qNvAoz0TgcH7DMg8BCVn8jF32QH5L6T29VjHxhHqqGE,[object Object],[object Object],
khaldrogo.site,45.141.122.181,502.1110420000041,32-pre,10000000000,13820709341,0,joined,3,0,57,52,5,0,10,N/A,"Portsmouth, GB",,qNvAoz0TgcH7DMg8BCVn8jF32QH5L6T29VjHxhHqqGE,[object Object],[object Object],
omies.store,152.53.111.143,563.1457919999957,32,10000000000,0,0,joined,2,2,41,40,1,0,20,N/A,", AT",,qNvAoz0TgcH7DMg8BCVn8jF32QH5L6T29VjHxhHqqGE,[object Object],[object Object],
ronganminh.store,5.45.101.235,576.6078339999076,32,10000000000,0,0,joined,1,1,33,33,0,0,33,N/A,"Peine, DE",,qNvAoz0TgcH7DMg8BCVn8jF32QH5L6T29VjHxhHqqGE,[object Object],[object Object],
decentralizelocation.store,195.26.250.83,308.29899999999907,32,10000000000,0,0,joined,0,0,23,23,0,0,23,N/A,"Southampton, GB",,qNvAoz0TgcH7DMg8BCVn8jF32QH5L6T29VjHxhHqqGE,[object Object],[object Object],
recepgocmen.com,195.201.218.123,573.7762909999583,32,10000000000,13768314861,0,joined,4,0,57,51,6,0,19,N/A,"Gunzenhausen, DE",,qNvAoz0TgcH7DMg8BCVn8jF32QH5L6T29VjHxhHqqGE,[object Object],[object Object],
ioar.net,91.99.88.239,578.8522499999963,32,10000000000,33793750000,0,joined,11,11,57,55,2,0,20,N/A,", DE",,qNvAoz0TgcH7DMg8BCVn8jF32QH5L6T29VjHxhHqqGE,[object Object],[object Object],
longle.store,188.245.44.107,608.0241669999668,32,10000000000,0,0,joined,0,0,1,1,0,0,1,N/A,", DE",,qNvAoz0TgcH7DMg8BCVn8jF32QH5L6T29VjHxhHqqGE,[object Object],[object Object],
seconderario.online,94.72.113.142,523.8397499999264,32,10000000000,0,0,joined,0,0,19,16,3,0,16,N/A,"Świdnik, PL",,qNvAoz0TgcH7DMg8BCVn8jF32QH5L6T29VjHxhHqqGE,[object Object],[object Object],
